,sim_i,t,Id,blk,testatus
9001,1,19,1,0,s
9002,1,19,2,0,i
9003,1,19,3,1,i
9004,1,19,4,1,s
9005,1,19,5,0,s
9006,1,19,6,1,s
9007,1,19,7,0,s
9008,1,19,8,0,i
9009,1,19,9,1,s
9010,1,19,10,1,i
9011,1,19,11,1,s
9012,1,19,12,0,s
9013,1,19,13,1,i
9014,1,19,14,1,i
9015,1,19,15,0,s
9016,1,19,16,0,s
9017,1,19,17,1,s
9018,1,19,18,1,i
9019,1,19,19,0,i
9020,1,19,20,0,s
9021,1,19,21,1,s
9022,1,19,22,0,s
9023,1,19,23,1,s
9024,1,19,24,1,s
9025,1,19,25,0,s
9026,1,19,26,0,s
9027,1,19,27,1,s
9028,1,19,28,1,s
9029,1,19,29,0,s
9030,1,19,30,0,s
9031,1,19,31,0,i
9032,1,19,32,1,s
9033,1,19,33,1,s
9034,1,19,34,0,s
9035,1,19,35,1,s
9036,1,19,36,0,i
9037,1,19,37,0,s
9038,1,19,38,0,s
9039,1,19,39,1,i
9040,1,19,40,0,s
9041,1,19,41,1,s
9042,1,19,42,1,s
9043,1,19,43,1,s
9044,1,19,44,0,s
9045,1,19,45,0,s
9046,1,19,46,1,i
9047,1,19,47,0,s
9048,1,19,48,0,s
9049,1,19,49,1,s
9050,1,19,50,0,s
9051,1,19,51,1,i
9052,1,19,52,0,s
9053,1,19,53,1,i
9054,1,19,54,0,i
9055,1,19,55,0,i
9056,1,19,56,0,s
9057,1,19,57,1,s
9058,1,19,58,0,s
9059,1,19,59,1,s
9060,1,19,60,0,s
9061,1,19,61,1,s
9062,1,19,62,0,i
9063,1,19,63,0,i
9064,1,19,64,1,s
9065,1,19,65,1,s
9066,1,19,66,0,s
9067,1,19,67,0,s
9068,1,19,68,0,s
9069,1,19,69,0,s
9070,1,19,70,0,s
9071,1,19,71,0,s
9072,1,19,72,0,s
9073,1,19,73,0,s
9074,1,19,74,0,i
9075,1,19,75,0,s
9076,1,19,76,0,i
9077,1,19,77,0,i
9078,1,19,78,1,i
9079,1,19,79,1,s
9080,1,19,80,0,i
9081,1,19,81,0,i
9082,1,19,82,1,s
9083,1,19,83,0,s
9084,1,19,84,1,s
9085,1,19,85,0,s
9086,1,19,86,0,s
9087,1,19,87,0,i
9088,1,19,88,0,i
9089,1,19,89,1,s
9090,1,19,90,0,i
9091,1,19,91,0,s
9092,1,19,92,1,s
9093,1,19,93,0,i
9094,1,19,94,1,s
9095,1,19,95,0,i
9096,1,19,96,0,i
9097,1,19,97,0,s
9098,1,19,98,1,i
9099,1,19,99,1,s
9100,1,19,100,1,i
9101,1,19,101,0,s
9102,1,19,102,1,s
9103,1,19,103,1,i
9104,1,19,104,0,i
9105,1,19,105,0,s
9106,1,19,106,0,s
9107,1,19,107,1,s
9108,1,19,108,0,s
9109,1,19,109,1,s
9110,1,19,110,0,s
9111,1,19,111,1,i
9112,1,19,112,1,s
9113,1,19,113,1,s
9114,1,19,114,0,s
9115,1,19,115,0,s
9116,1,19,116,1,s
9117,1,19,117,0,s
9118,1,19,118,1,s
9119,1,19,119,1,i
9120,1,19,120,0,s
9121,1,19,121,0,s
9122,1,19,122,1,s
9123,1,19,123,1,s
9124,1,19,124,0,s
9125,1,19,125,0,s
9126,1,19,126,0,s
9127,1,19,127,1,s
9128,1,19,128,0,s
9129,1,19,129,1,i
9130,1,19,130,0,s
9131,1,19,131,1,s
9132,1,19,132,0,s
9133,1,19,133,0,s
9134,1,19,134,1,s
9135,1,19,135,0,i
9136,1,19,136,1,i
9137,1,19,137,0,i
9138,1,19,138,0,s
9139,1,19,139,0,s
9140,1,19,140,1,s
9141,1,19,141,1,s
9142,1,19,142,0,s
9143,1,19,143,1,s
9144,1,19,144,0,s
9145,1,19,145,0,i
9146,1,19,146,0,i
9147,1,19,147,1,i
9148,1,19,148,1,s
9149,1,19,149,1,i
9150,1,19,150,1,s
9151,1,19,151,1,s
9152,1,19,152,0,i
9153,1,19,153,1,i
9154,1,19,154,1,s
9155,1,19,155,1,s
9156,1,19,156,1,i
9157,1,19,157,0,s
9158,1,19,158,1,s
9159,1,19,159,0,s
9160,1,19,160,1,s
9161,1,19,161,0,i
9162,1,19,162,1,i
9163,1,19,163,0,s
9164,1,19,164,0,s
9165,1,19,165,1,s
9166,1,19,166,1,s
9167,1,19,167,1,s
9168,1,19,168,1,s
9169,1,19,169,0,s
9170,1,19,170,1,s
9171,1,19,171,0,s
9172,1,19,172,1,s
9173,1,19,173,0,s
9174,1,19,174,1,s
9175,1,19,175,1,s
9176,1,19,176,1,s
9177,1,19,177,1,s
9178,1,19,178,0,s
9179,1,19,179,1,s
9180,1,19,180,0,s
9181,1,19,181,1,s
9182,1,19,182,1,s
9183,1,19,183,1,s
9184,1,19,184,0,s
9185,1,19,185,1,s
9186,1,19,186,1,s
9187,1,19,187,1,s
9188,1,19,188,0,i
9189,1,19,189,0,s
9190,1,19,190,0,i
9191,1,19,191,1,s
9192,1,19,192,1,s
9193,1,19,193,1,s
9194,1,19,194,0,i
9195,1,19,195,0,i
9196,1,19,196,1,s
9197,1,19,197,0,i
9198,1,19,198,1,s
9199,1,19,199,1,i
9200,1,19,200,1,s
9201,1,19,201,1,i
9202,1,19,202,0,s
9203,1,19,203,1,i
9204,1,19,204,1,s
9205,1,19,205,0,s
9206,1,19,206,0,i
9207,1,19,207,0,i
9208,1,19,208,1,i
9209,1,19,209,0,s
9210,1,19,210,0,i
9211,1,19,211,1,s
9212,1,19,212,0,i
9213,1,19,213,0,s
9214,1,19,214,0,i
9215,1,19,215,1,s
9216,1,19,216,0,s
9217,1,19,217,1,s
9218,1,19,218,1,s
9219,1,19,219,0,s
9220,1,19,220,1,i
9221,1,19,221,1,s
9222,1,19,222,1,i
9223,1,19,223,1,s
9224,1,19,224,1,s
9225,1,19,225,0,s
9226,1,19,226,1,s
9227,1,19,227,1,i
9228,1,19,228,0,i
9229,1,19,229,1,i
9230,1,19,230,1,i
9231,1,19,231,0,s
9232,1,19,232,1,i
9233,1,19,233,1,i
9234,1,19,234,1,s
9235,1,19,235,0,s
9236,1,19,236,1,i
9237,1,19,237,1,s
9238,1,19,238,1,s
9239,1,19,239,1,s
9240,1,19,240,0,s
9241,1,19,241,0,s
9242,1,19,242,0,s
9243,1,19,243,0,s
9244,1,19,244,0,s
9245,1,19,245,1,s
9246,1,19,246,0,s
9247,1,19,247,1,i
9248,1,19,248,0,s
9249,1,19,249,1,s
9250,1,19,250,0,s
9251,1,19,251,0,i
9252,1,19,252,1,s
9253,1,19,253,0,s
9254,1,19,254,1,s
9255,1,19,255,0,s
9256,1,19,256,0,s
9257,1,19,257,0,s
9258,1,19,258,1,s
9259,1,19,259,0,i
9260,1,19,260,0,i
9261,1,19,261,0,s
9262,1,19,262,0,i
9263,1,19,263,0,i
9264,1,19,264,0,s
9265,1,19,265,1,s
9266,1,19,266,1,i
9267,1,19,267,1,s
9268,1,19,268,1,s
9269,1,19,269,0,s
9270,1,19,270,0,s
9271,1,19,271,0,i
9272,1,19,272,0,s
9273,1,19,273,0,s
9274,1,19,274,0,s
9275,1,19,275,0,s
9276,1,19,276,1,i
9277,1,19,277,1,s
9278,1,19,278,0,s
9279,1,19,279,0,s
9280,1,19,280,1,s
9281,1,19,281,1,s
9282,1,19,282,0,i
9283,1,19,283,0,s
9284,1,19,284,1,i
9285,1,19,285,0,s
9286,1,19,286,1,s
9287,1,19,287,0,i
9288,1,19,288,1,s
9289,1,19,289,0,i
9290,1,19,290,1,s
9291,1,19,291,0,s
9292,1,19,292,1,s
9293,1,19,293,0,s
9294,1,19,294,0,s
9295,1,19,295,0,s
9296,1,19,296,0,s
9297,1,19,297,1,s
9298,1,19,298,0,s
9299,1,19,299,0,s
9300,1,19,300,0,s
9301,1,19,301,1,s
9302,1,19,302,1,s
9303,1,19,303,1,s
9304,1,19,304,1,i
9305,1,19,305,0,s
9306,1,19,306,1,i
9307,1,19,307,1,s
9308,1,19,308,0,s
9309,1,19,309,0,s
9310,1,19,310,0,i
9311,1,19,311,1,i
9312,1,19,312,0,s
9313,1,19,313,1,s
9314,1,19,314,0,s
9315,1,19,315,1,i
9316,1,19,316,1,s
9317,1,19,317,1,s
9318,1,19,318,0,s
9319,1,19,319,1,i
9320,1,19,320,1,s
9321,1,19,321,1,s
9322,1,19,322,1,s
9323,1,19,323,0,s
9324,1,19,324,1,s
9325,1,19,325,1,s
9326,1,19,326,0,s
9327,1,19,327,1,s
9328,1,19,328,1,s
9329,1,19,329,0,s
9330,1,19,330,1,s
9331,1,19,331,1,i
9332,1,19,332,1,i
9333,1,19,333,0,s
9334,1,19,334,0,s
9335,1,19,335,0,s
9336,1,19,336,0,s
9337,1,19,337,1,s
9338,1,19,338,0,i
9339,1,19,339,0,i
9340,1,19,340,0,s
9341,1,19,341,0,i
9342,1,19,342,1,s
9343,1,19,343,1,s
9344,1,19,344,1,s
9345,1,19,345,1,s
9346,1,19,346,0,i
9347,1,19,347,1,s
9348,1,19,348,1,s
9349,1,19,349,1,s
9350,1,19,350,0,s
9351,1,19,351,1,i
9352,1,19,352,1,i
9353,1,19,353,0,i
9354,1,19,354,0,s
9355,1,19,355,1,s
9356,1,19,356,0,s
9357,1,19,357,1,s
9358,1,19,358,0,s
9359,1,19,359,0,s
9360,1,19,360,1,s
9361,1,19,361,0,s
9362,1,19,362,0,s
9363,1,19,363,0,s
9364,1,19,364,1,s
9365,1,19,365,1,s
9366,1,19,366,1,i
9367,1,19,367,0,s
9368,1,19,368,1,i
9369,1,19,369,1,s
9370,1,19,370,1,s
9371,1,19,371,1,i
9372,1,19,372,1,s
9373,1,19,373,0,s
9374,1,19,374,1,s
9375,1,19,375,0,s
9376,1,19,376,1,s
9377,1,19,377,1,i
9378,1,19,378,0,s
9379,1,19,379,0,s
9380,1,19,380,1,s
9381,1,19,381,0,s
9382,1,19,382,0,s
9383,1,19,383,1,s
9384,1,19,384,1,i
9385,1,19,385,0,s
9386,1,19,386,1,i
9387,1,19,387,0,i
9388,1,19,388,1,s
9389,1,19,389,0,s
9390,1,19,390,0,s
9391,1,19,391,0,i
9392,1,19,392,0,s
9393,1,19,393,1,s
9394,1,19,394,0,i
9395,1,19,395,0,i
9396,1,19,396,1,s
9397,1,19,397,1,s
9398,1,19,398,1,i
9399,1,19,399,1,i
9400,1,19,400,0,s
9401,1,19,401,0,s
9402,1,19,402,1,i
9403,1,19,403,0,s
9404,1,19,404,0,s
9405,1,19,405,1,i
9406,1,19,406,0,s
9407,1,19,407,0,i
9408,1,19,408,1,s
9409,1,19,409,0,s
9410,1,19,410,1,s
9411,1,19,411,1,s
9412,1,19,412,0,s
9413,1,19,413,0,s
9414,1,19,414,0,s
9415,1,19,415,1,i
9416,1,19,416,0,i
9417,1,19,417,0,s
9418,1,19,418,0,s
9419,1,19,419,0,s
9420,1,19,420,0,s
9421,1,19,421,0,s
9422,1,19,422,1,s
9423,1,19,423,0,s
9424,1,19,424,0,s
9425,1,19,425,0,s
9426,1,19,426,0,s
9427,1,19,427,1,s
9428,1,19,428,1,s
9429,1,19,429,0,i
9430,1,19,430,0,s
9431,1,19,431,0,i
9432,1,19,432,1,i
9433,1,19,433,1,s
9434,1,19,434,1,s
9435,1,19,435,1,i
9436,1,19,436,0,s
9437,1,19,437,1,s
9438,1,19,438,0,s
9439,1,19,439,1,s
9440,1,19,440,0,i
9441,1,19,441,1,s
9442,1,19,442,0,i
9443,1,19,443,0,s
9444,1,19,444,1,s
9445,1,19,445,1,s
9446,1,19,446,0,s
9447,1,19,447,0,s
9448,1,19,448,1,i
9449,1,19,449,0,s
9450,1,19,450,1,i
9451,1,19,451,1,s
9452,1,19,452,0,s
9453,1,19,453,1,s
9454,1,19,454,0,i
9455,1,19,455,1,s
9456,1,19,456,1,s
9457,1,19,457,0,s
9458,1,19,458,1,i
9459,1,19,459,1,i
9460,1,19,460,1,i
9461,1,19,461,0,i
9462,1,19,462,0,i
9463,1,19,463,1,s
9464,1,19,464,1,s
9465,1,19,465,1,i
9466,1,19,466,1,i
9467,1,19,467,1,i
9468,1,19,468,0,i
9469,1,19,469,0,s
9470,1,19,470,0,s
9471,1,19,471,1,i
9472,1,19,472,0,s
9473,1,19,473,1,s
9474,1,19,474,1,s
9475,1,19,475,1,i
9476,1,19,476,1,i
9477,1,19,477,1,s
9478,1,19,478,0,s
9479,1,19,479,0,i
9480,1,19,480,0,i
9481,1,19,481,1,s
9482,1,19,482,0,s
9483,1,19,483,0,s
9484,1,19,484,0,s
9485,1,19,485,1,i
9486,1,19,486,0,s
9487,1,19,487,0,s
9488,1,19,488,1,i
9489,1,19,489,0,s
9490,1,19,490,0,s
9491,1,19,491,1,s
9492,1,19,492,1,s
9493,1,19,493,1,i
9494,1,19,494,1,s
9495,1,19,495,0,s
9496,1,19,496,1,i
9497,1,19,497,0,s
9498,1,19,498,1,i
9499,1,19,499,1,i
9500,1,19,500,0,i
9501,1,19,501,0,s
9502,1,19,502,0,s
9503,1,19,503,1,i
9504,1,19,504,1,s
9505,1,19,505,1,i
9506,1,19,506,1,i
9507,1,19,507,0,s
9508,1,19,508,0,s
9509,1,19,509,1,i
9510,1,19,510,1,s
9511,1,19,511,0,i
9512,1,19,512,0,s
9513,1,19,513,0,i
9514,1,19,514,1,s
9515,1,19,515,0,s
9516,1,19,516,1,s
9517,1,19,517,1,s
9518,1,19,518,1,s
9519,1,19,519,0,i
9520,1,19,520,1,i
9521,1,19,521,0,s
9522,1,19,522,0,s
9523,1,19,523,1,i
9524,1,19,524,1,s
9525,1,19,525,1,i
9526,1,19,526,1,s
9527,1,19,527,0,i
9528,1,19,528,1,s
9529,1,19,529,0,i
9530,1,19,530,1,i
9531,1,19,531,0,s
9532,1,19,532,1,i
9533,1,19,533,0,s
9534,1,19,534,0,i
9535,1,19,535,0,i
9536,1,19,536,0,i
9537,1,19,537,0,i
9538,1,19,538,0,s
9539,1,19,539,1,s
9540,1,19,540,0,s
9541,1,19,541,1,i
9542,1,19,542,0,i
9543,1,19,543,0,s
9544,1,19,544,0,s
9545,1,19,545,1,s
9546,1,19,546,0,s
9547,1,19,547,1,i
9548,1,19,548,1,s
9549,1,19,549,1,s
9550,1,19,550,0,s
9551,1,19,551,1,s
9552,1,19,552,1,s
9553,1,19,553,0,s
9554,1,19,554,0,s
9555,1,19,555,0,i
9556,1,19,556,0,s
9557,1,19,557,0,s
9558,1,19,558,1,s
9559,1,19,559,1,i
9560,1,19,560,1,i
9561,1,19,561,1,s
9562,1,19,562,0,s
9563,1,19,563,1,i
9564,1,19,564,1,i
9565,1,19,565,0,s
9566,1,19,566,1,s
9567,1,19,567,0,s
9568,1,19,568,0,s
9569,1,19,569,0,s
9570,1,19,570,0,i
9571,1,19,571,1,s
9572,1,19,572,0,s
9573,1,19,573,0,s
9574,1,19,574,1,s
9575,1,19,575,0,s
9576,1,19,576,1,s
9577,1,19,577,0,i
9578,1,19,578,1,i
9579,1,19,579,0,s
9580,1,19,580,1,i
9581,1,19,581,1,s
9582,1,19,582,1,i
9583,1,19,583,0,s
9584,1,19,584,0,s
9585,1,19,585,0,s
9586,1,19,586,1,s
9587,1,19,587,0,s
9588,1,19,588,1,s
9589,1,19,589,0,s
9590,1,19,590,0,s
9591,1,19,591,1,s
9592,1,19,592,1,i
9593,1,19,593,1,i
9594,1,19,594,1,i
9595,1,19,595,0,s
9596,1,19,596,0,s
9597,1,19,597,0,i
9598,1,19,598,1,s
9599,1,19,599,0,s
9600,1,19,600,0,s
9601,1,19,601,1,s
9602,1,19,602,0,s
9603,1,19,603,1,s
9604,1,19,604,0,s
9605,1,19,605,0,s
9606,1,19,606,0,s
9607,1,19,607,0,i
9608,1,19,608,0,s
9609,1,19,609,0,i
9610,1,19,610,0,s
9611,1,19,611,1,s
9612,1,19,612,1,s
9613,1,19,613,0,s
9614,1,19,614,0,s
9615,1,19,615,1,s
9616,1,19,616,0,i
9617,1,19,617,0,s
9618,1,19,618,0,s
9619,1,19,619,1,s
9620,1,19,620,0,s
9621,1,19,621,0,s
9622,1,19,622,1,s
9623,1,19,623,1,i
9624,1,19,624,0,s
9625,1,19,625,1,i
9626,1,19,626,0,s
9627,1,19,627,0,i
9628,1,19,628,0,s
9629,1,19,629,0,s
9630,1,19,630,0,i
9631,1,19,631,1,s
9632,1,19,632,1,i
9633,1,19,633,1,s
9634,1,19,634,1,s
9635,1,19,635,0,i
9636,1,19,636,1,i
9637,1,19,637,1,s
9638,1,19,638,1,s
9639,1,19,639,1,i
9640,1,19,640,1,s
9641,1,19,641,0,s
9642,1,19,642,1,s
9643,1,19,643,0,s
9644,1,19,644,1,s
9645,1,19,645,1,i
9646,1,19,646,0,s
9647,1,19,647,1,s
9648,1,19,648,0,s
9649,1,19,649,0,s
9650,1,19,650,1,s
9651,1,19,651,1,i
9652,1,19,652,0,i
9653,1,19,653,1,i
9654,1,19,654,1,s
9655,1,19,655,1,i
9656,1,19,656,1,s
9657,1,19,657,0,s
9658,1,19,658,0,s
9659,1,19,659,0,i
9660,1,19,660,1,s
9661,1,19,661,1,s
9662,1,19,662,1,s
9663,1,19,663,0,i
9664,1,19,664,0,s
9665,1,19,665,1,s
9666,1,19,666,0,s
9667,1,19,667,0,s
9668,1,19,668,1,s
9669,1,19,669,0,i
9670,1,19,670,1,i
9671,1,19,671,1,i
9672,1,19,672,1,s
9673,1,19,673,1,i
9674,1,19,674,1,i
9675,1,19,675,1,i
9676,1,19,676,1,s
9677,1,19,677,1,s
9678,1,19,678,0,s
9679,1,19,679,1,s
9680,1,19,680,1,s
9681,1,19,681,1,s
9682,1,19,682,0,i
9683,1,19,683,1,s
9684,1,19,684,0,s
9685,1,19,685,0,s
9686,1,19,686,0,i
9687,1,19,687,1,s
9688,1,19,688,1,s
9689,1,19,689,0,s
9690,1,19,690,1,s
9691,1,19,691,1,s
9692,1,19,692,0,s
9693,1,19,693,1,s
9694,1,19,694,1,s
9695,1,19,695,0,i
9696,1,19,696,1,i
9697,1,19,697,1,i
9698,1,19,698,1,s
9699,1,19,699,1,s
9700,1,19,700,1,i
9701,1,19,701,1,s
9702,1,19,702,1,s
9703,1,19,703,0,s
9704,1,19,704,1,s
9705,1,19,705,1,s
9706,1,19,706,0,s
9707,1,19,707,1,s
9708,1,19,708,0,s
9709,1,19,709,1,s
9710,1,19,710,0,s
9711,1,19,711,1,s
9712,1,19,712,1,s
9713,1,19,713,1,s
9714,1,19,714,1,s
9715,1,19,715,0,s
9716,1,19,716,0,i
9717,1,19,717,0,s
9718,1,19,718,1,i
9719,1,19,719,1,i
9720,1,19,720,1,s
9721,1,19,721,1,i
9722,1,19,722,1,s
9723,1,19,723,1,s
9724,1,19,724,0,s
9725,1,19,725,0,s
9726,1,19,726,1,s
9727,1,19,727,0,s
9728,1,19,728,1,i
9729,1,19,729,0,i
9730,1,19,730,0,s
9731,1,19,731,1,s
9732,1,19,732,1,i
9733,1,19,733,1,s
9734,1,19,734,1,s
9735,1,19,735,1,i
9736,1,19,736,0,s
9737,1,19,737,1,s
9738,1,19,738,1,s
9739,1,19,739,0,i
9740,1,19,740,0,s
9741,1,19,741,1,s
9742,1,19,742,1,i
9743,1,19,743,1,s
9744,1,19,744,0,s
9745,1,19,745,0,i
9746,1,19,746,1,s
9747,1,19,747,0,s
9748,1,19,748,1,i
9749,1,19,749,0,i
9750,1,19,750,0,s
9751,1,19,751,1,s
9752,1,19,752,1,i
9753,1,19,753,1,s
9754,1,19,754,0,s
9755,1,19,755,1,s
9756,1,19,756,1,s
9757,1,19,757,0,s
9758,1,19,758,1,s
9759,1,19,759,0,s
9760,1,19,760,0,i
9761,1,19,761,1,s
9762,1,19,762,0,i
9763,1,19,763,1,s
9764,1,19,764,0,s
9765,1,19,765,0,s
9766,1,19,766,1,s
9767,1,19,767,0,s
9768,1,19,768,0,i
9769,1,19,769,0,s
9770,1,19,770,0,i
9771,1,19,771,0,s
9772,1,19,772,0,i
9773,1,19,773,1,s
9774,1,19,774,0,s
9775,1,19,775,0,s
9776,1,19,776,0,s
9777,1,19,777,1,s
9778,1,19,778,1,s
9779,1,19,779,0,s
9780,1,19,780,1,s
9781,1,19,781,1,s
9782,1,19,782,0,i
9783,1,19,783,0,s
9784,1,19,784,1,s
9785,1,19,785,1,i
9786,1,19,786,0,s
9787,1,19,787,0,s
9788,1,19,788,1,s
9789,1,19,789,1,s
9790,1,19,790,0,i
9791,1,19,791,0,s
9792,1,19,792,1,s
9793,1,19,793,0,s
9794,1,19,794,1,i
9795,1,19,795,0,s
9796,1,19,796,0,s
9797,1,19,797,1,s
9798,1,19,798,1,s
9799,1,19,799,0,i
9800,1,19,800,0,s
9801,1,19,801,1,s
9802,1,19,802,0,s
9803,1,19,803,1,s
9804,1,19,804,1,s
9805,1,19,805,1,i
9806,1,19,806,1,s
9807,1,19,807,0,i
9808,1,19,808,1,i
9809,1,19,809,0,s
9810,1,19,810,1,s
9811,1,19,811,0,i
9812,1,19,812,1,s
9813,1,19,813,1,s
9814,1,19,814,0,i
9815,1,19,815,1,s
9816,1,19,816,0,i
9817,1,19,817,1,s
9818,1,19,818,0,i
9819,1,19,819,1,i
9820,1,19,820,0,s
9821,1,19,821,1,s
9822,1,19,822,0,s
9823,1,19,823,0,s
9824,1,19,824,1,s
9825,1,19,825,0,i
9826,1,19,826,0,s
9827,1,19,827,0,s
9828,1,19,828,1,s
9829,1,19,829,0,i
9830,1,19,830,1,s
9831,1,19,831,0,s
9832,1,19,832,0,i
9833,1,19,833,0,s
9834,1,19,834,1,s
9835,1,19,835,0,s
9836,1,19,836,1,s
9837,1,19,837,1,s
9838,1,19,838,1,s
9839,1,19,839,0,s
9840,1,19,840,1,s
9841,1,19,841,0,s
9842,1,19,842,1,s
9843,1,19,843,1,i
9844,1,19,844,0,s
9845,1,19,845,0,i
9846,1,19,846,0,s
9847,1,19,847,1,s
9848,1,19,848,0,s
9849,1,19,849,0,s
9850,1,19,850,1,s
9851,1,19,851,0,s
9852,1,19,852,0,s
9853,1,19,853,0,s
9854,1,19,854,1,s
9855,1,19,855,1,i
9856,1,19,856,1,s
9857,1,19,857,1,i
9858,1,19,858,1,s
9859,1,19,859,1,s
9860,1,19,860,0,s
9861,1,19,861,1,s
9862,1,19,862,0,i
9863,1,19,863,0,s
9864,1,19,864,1,i
9865,1,19,865,0,s
9866,1,19,866,0,s
9867,1,19,867,1,s
9868,1,19,868,1,i
9869,1,19,869,0,s
9870,1,19,870,1,i
9871,1,19,871,0,s
9872,1,19,872,0,i
9873,1,19,873,0,i
9874,1,19,874,0,s
9875,1,19,875,0,s
9876,1,19,876,1,s
9877,1,19,877,1,i
9878,1,19,878,1,i
9879,1,19,879,0,s
9880,1,19,880,1,s
9881,1,19,881,0,s
9882,1,19,882,0,i
9883,1,19,883,0,s
9884,1,19,884,0,s
9885,1,19,885,1,s
9886,1,19,886,1,s
9887,1,19,887,0,s
9888,1,19,888,0,s
9889,1,19,889,1,s
9890,1,19,890,0,i
9891,1,19,891,0,s
9892,1,19,892,0,s
9893,1,19,893,1,i
9894,1,19,894,1,s
9895,1,19,895,1,s
9896,1,19,896,1,s
9897,1,19,897,1,s
9898,1,19,898,1,s
9899,1,19,899,1,s
9900,1,19,900,0,i
9901,1,19,901,1,s
9902,1,19,902,1,s
9903,1,19,903,0,s
9904,1,19,904,1,s
9905,1,19,905,0,i
9906,1,19,906,0,i
9907,1,19,907,0,s
9908,1,19,908,0,s
9909,1,19,909,1,s
9910,1,19,910,1,s
9911,1,19,911,1,s
9912,1,19,912,1,s
9913,1,19,913,0,s
9914,1,19,914,1,s
9915,1,19,915,1,s
9916,1,19,916,0,s
9917,1,19,917,0,i
9918,1,19,918,1,i
9919,1,19,919,1,s
9920,1,19,920,0,s
9921,1,19,921,1,s
9922,1,19,922,0,s
9923,1,19,923,0,i
9924,1,19,924,1,s
9925,1,19,925,0,s
9926,1,19,926,1,s
9927,1,19,927,0,s
9928,1,19,928,0,i
9929,1,19,929,0,i
9930,1,19,930,0,s
9931,1,19,931,1,s
9932,1,19,932,0,s
9933,1,19,933,0,i
9934,1,19,934,0,s
9935,1,19,935,0,s
9936,1,19,936,0,s
9937,1,19,937,0,s
9938,1,19,938,0,s
9939,1,19,939,1,s
9940,1,19,940,1,i
9941,1,19,941,0,i
9942,1,19,942,0,s
9943,1,19,943,1,i
9944,1,19,944,0,s
9945,1,19,945,0,s
9946,1,19,946,1,i
9947,1,19,947,1,s
9948,1,19,948,1,s
9949,1,19,949,0,s
9950,1,19,950,0,s
9951,1,19,951,0,s
9952,1,19,952,0,s
9953,1,19,953,1,s
9954,1,19,954,0,i
9955,1,19,955,1,i
9956,1,19,956,0,i
9957,1,19,957,0,s
9958,1,19,958,1,i
9959,1,19,959,0,i
9960,1,19,960,1,i
9961,1,19,961,0,i
9962,1,19,962,1,i
9963,1,19,963,1,s
9964,1,19,964,1,s
9965,1,19,965,0,s
9966,1,19,966,0,s
9967,1,19,967,1,s
9968,1,19,968,1,s
9969,1,19,969,0,s
9970,1,19,970,1,s
9971,1,19,971,1,s
9972,1,19,972,1,s
9973,1,19,973,0,i
9974,1,19,974,1,s
9975,1,19,975,0,i
9976,1,19,976,0,s
9977,1,19,977,0,s
9978,1,19,978,1,s
9979,1,19,979,0,s
9980,1,19,980,0,s
9981,1,19,981,0,s
9982,1,19,982,0,s
9983,1,19,983,1,s
9984,1,19,984,0,s
9985,1,19,985,0,i
9986,1,19,986,1,s
9987,1,19,987,1,s
9988,1,19,988,0,i
9989,1,19,989,1,s
9990,1,19,990,1,s
9991,1,19,991,0,i
9992,1,19,992,1,s
9993,1,19,993,0,s
9994,1,19,994,1,s
9995,1,19,995,0,s
9996,1,19,996,1,s
9997,1,19,997,0,s
9998,1,19,998,0,s
9999,1,19,999,0,s
10000,1,19,1000,0,s
10001,1,19,1001,1,i
10002,1,19,1002,1,i
10003,1,19,1003,1,s
10004,1,19,1004,1,s
10005,1,19,1005,1,i
10006,1,19,1006,0,s
10007,1,19,1007,1,i
10008,1,19,1008,1,i
10009,1,19,1009,0,s
10010,1,19,1010,1,i
10011,1,19,1011,0,s
10012,1,19,1012,1,i
10013,1,19,1013,0,s
10014,1,19,1014,0,s
10015,1,19,1015,0,s
10016,1,19,1016,1,s
10017,1,19,1017,0,s
10018,1,19,1018,1,i
10019,1,19,1019,1,s
10020,1,19,1020,0,i
10021,1,19,1021,1,i
10022,1,19,1022,1,i
10023,1,19,1023,1,s
10024,1,19,1024,1,s
10025,1,19,1025,0,s
10026,1,19,1026,0,s
10027,1,19,1027,1,i
10028,1,19,1028,0,i
10029,1,19,1029,1,s
10030,1,19,1030,1,s
10031,1,19,1031,0,s
10032,1,19,1032,0,s
10033,1,19,1033,1,i
10034,1,19,1034,0,i
10035,1,19,1035,1,s
10036,1,19,1036,0,i
10037,1,19,1037,0,s
10038,1,19,1038,1,s
10039,1,19,1039,1,s
10040,1,19,1040,1,i
10041,1,19,1041,0,i
10042,1,19,1042,0,s
10043,1,19,1043,1,s
10044,1,19,1044,0,i
10045,1,19,1045,0,i
10046,1,19,1046,0,s
10047,1,19,1047,1,s
10048,1,19,1048,1,i
10049,1,19,1049,0,s
10050,1,19,1050,1,s
10051,1,19,1051,0,i
10052,1,19,1052,1,s
10053,1,19,1053,1,s
10054,1,19,1054,0,s
10055,1,19,1055,1,s
10056,1,19,1056,0,i
10057,1,19,1057,0,s
10058,1,19,1058,0,s
10059,1,19,1059,0,s
10060,1,19,1060,0,i
10061,1,19,1061,0,s
10062,1,19,1062,1,s
10063,1,19,1063,0,i
10064,1,19,1064,1,s
10065,1,19,1065,0,s
10066,1,19,1066,1,s
10067,1,19,1067,0,i
10068,1,19,1068,0,i
10069,1,19,1069,1,s
10070,1,19,1070,0,s
10071,1,19,1071,0,s
10072,1,19,1072,1,i
10073,1,19,1073,1,s
10074,1,19,1074,1,s
10075,1,19,1075,1,s
10076,1,19,1076,0,i
10077,1,19,1077,0,s
10078,1,19,1078,1,s
10079,1,19,1079,1,s
10080,1,19,1080,1,i
10081,1,19,1081,1,s
10082,1,19,1082,0,i
10083,1,19,1083,0,s
10084,1,19,1084,1,s
10085,1,19,1085,0,i
10086,1,19,1086,1,i
10087,1,19,1087,1,i
10088,1,19,1088,0,i
10089,1,19,1089,1,s
10090,1,19,1090,0,i
10091,1,19,1091,1,s
10092,1,19,1092,0,s
10093,1,19,1093,1,s
10094,1,19,1094,1,s
10095,1,19,1095,0,i
10096,1,19,1096,1,s
10097,1,19,1097,0,s
10098,1,19,1098,0,s
10099,1,19,1099,1,i
10100,1,19,1100,0,s
10101,1,19,1101,1,s
10102,1,19,1102,0,s
10103,1,19,1103,0,s
10104,1,19,1104,1,i
10105,1,19,1105,1,s
10106,1,19,1106,0,i
10107,1,19,1107,0,i
10108,1,19,1108,0,i
10109,1,19,1109,1,s
10110,1,19,1110,1,s
10111,1,19,1111,1,s
10112,1,19,1112,0,i
10113,1,19,1113,0,s
10114,1,19,1114,0,i
10115,1,19,1115,0,i
10116,1,19,1116,0,s
10117,1,19,1117,0,i
10118,1,19,1118,1,s
10119,1,19,1119,1,s
10120,1,19,1120,1,s
10121,1,19,1121,0,i
10122,1,19,1122,0,s
10123,1,19,1123,1,s
10124,1,19,1124,0,i
10125,1,19,1125,0,i
10126,1,19,1126,0,s
10127,1,19,1127,0,i
10128,1,19,1128,1,s
10129,1,19,1129,0,s
10130,1,19,1130,0,s
10131,1,19,1131,1,s
10132,1,19,1132,1,s
10133,1,19,1133,0,s
10134,1,19,1134,0,i
10135,1,19,1135,1,s
10136,1,19,1136,1,i
10137,1,19,1137,1,s
10138,1,19,1138,0,s
10139,1,19,1139,1,s
10140,1,19,1140,1,s
10141,1,19,1141,1,i
10142,1,19,1142,1,i
10143,1,19,1143,0,i
10144,1,19,1144,1,s
10145,1,19,1145,1,s
10146,1,19,1146,1,i
10147,1,19,1147,0,i
10148,1,19,1148,1,s
10149,1,19,1149,0,s
10150,1,19,1150,1,s
10151,1,19,1151,1,i
10152,1,19,1152,1,s
10153,1,19,1153,0,s
10154,1,19,1154,0,s
10155,1,19,1155,1,i
10156,1,19,1156,1,s
10157,1,19,1157,0,s
10158,1,19,1158,1,s
10159,1,19,1159,1,s
10160,1,19,1160,1,i
10161,1,19,1161,1,s
10162,1,19,1162,1,s
10163,1,19,1163,1,s
10164,1,19,1164,1,s
10165,1,19,1165,0,i
10166,1,19,1166,0,s
10167,1,19,1167,1,s
10168,1,19,1168,1,s
10169,1,19,1169,1,s
10170,1,19,1170,0,s
10171,1,19,1171,1,s
10172,1,19,1172,1,i
10173,1,19,1173,1,s
10174,1,19,1174,0,i
10175,1,19,1175,0,s
10176,1,19,1176,0,s
10177,1,19,1177,1,i
10178,1,19,1178,0,i
10179,1,19,1179,1,s
10180,1,19,1180,0,i
10181,1,19,1181,0,s
10182,1,19,1182,1,i
10183,1,19,1183,1,i
10184,1,19,1184,1,i
10185,1,19,1185,1,i
10186,1,19,1186,0,s
10187,1,19,1187,1,i
10188,1,19,1188,1,i
10189,1,19,1189,1,i
10190,1,19,1190,1,s
10191,1,19,1191,1,s
10192,1,19,1192,1,i
10193,1,19,1193,1,s
10194,1,19,1194,1,s
10195,1,19,1195,1,s
10196,1,19,1196,0,s
10197,1,19,1197,1,s
10198,1,19,1198,1,i
10199,1,19,1199,0,i
10200,1,19,1200,1,s
10201,1,19,1201,0,s
10202,1,19,1202,1,i
10203,1,19,1203,0,s
10204,1,19,1204,1,i
10205,1,19,1205,0,i
10206,1,19,1206,0,s
10207,1,19,1207,1,i
10208,1,19,1208,0,s
10209,1,19,1209,0,s
10210,1,19,1210,0,s
10211,1,19,1211,0,s
10212,1,19,1212,1,s
10213,1,19,1213,1,i
10214,1,19,1214,0,s
10215,1,19,1215,1,s
10216,1,19,1216,0,s
10217,1,19,1217,0,s
10218,1,19,1218,0,i
10219,1,19,1219,1,i
10220,1,19,1220,1,i
10221,1,19,1221,0,i
10222,1,19,1222,1,s
10223,1,19,1223,0,s
10224,1,19,1224,1,s
10225,1,19,1225,0,s
10226,1,19,1226,1,s
10227,1,19,1227,0,s
10228,1,19,1228,1,s
10229,1,19,1229,1,i
10230,1,19,1230,1,s
10231,1,19,1231,0,i
10232,1,19,1232,1,i
10233,1,19,1233,0,s
10234,1,19,1234,1,s
10235,1,19,1235,1,s
10236,1,19,1236,0,i
10237,1,19,1237,0,s
10238,1,19,1238,0,s
10239,1,19,1239,0,s
10240,1,19,1240,1,i
10241,1,19,1241,0,s
10242,1,19,1242,0,s
10243,1,19,1243,1,i
10244,1,19,1244,0,s
10245,1,19,1245,0,s
10246,1,19,1246,0,s
10247,1,19,1247,0,s
10248,1,19,1248,0,s
10249,1,19,1249,1,s
10250,1,19,1250,0,s
10251,1,19,1251,0,s
10252,1,19,1252,1,s
10253,1,19,1253,1,i
10254,1,19,1254,1,i
10255,1,19,1255,0,i
10256,1,19,1256,1,i
10257,1,19,1257,0,s
10258,1,19,1258,0,s
10259,1,19,1259,0,i
10260,1,19,1260,0,i
10261,1,19,1261,1,i
10262,1,19,1262,1,s
10263,1,19,1263,1,s
10264,1,19,1264,1,i
10265,1,19,1265,1,i
10266,1,19,1266,1,s
10267,1,19,1267,1,s
10268,1,19,1268,0,s
10269,1,19,1269,1,s
10270,1,19,1270,1,s
10271,1,19,1271,1,s
10272,1,19,1272,0,i
10273,1,19,1273,0,s
10274,1,19,1274,1,s
10275,1,19,1275,0,s
10276,1,19,1276,1,s
10277,1,19,1277,0,s
10278,1,19,1278,1,s
10279,1,19,1279,1,s
10280,1,19,1280,1,i
10281,1,19,1281,1,i
10282,1,19,1282,1,s
10283,1,19,1283,0,s
10284,1,19,1284,0,s
10285,1,19,1285,1,i
10286,1,19,1286,1,s
10287,1,19,1287,0,s
10288,1,19,1288,0,s
10289,1,19,1289,0,s
10290,1,19,1290,1,s
10291,1,19,1291,0,s
10292,1,19,1292,0,i
10293,1,19,1293,0,s
10294,1,19,1294,0,s
10295,1,19,1295,1,s
10296,1,19,1296,0,i
10297,1,19,1297,0,s
10298,1,19,1298,1,s
10299,1,19,1299,0,s
10300,1,19,1300,0,s
10301,1,19,1301,0,s
10302,1,19,1302,0,s
10303,1,19,1303,1,i
10304,1,19,1304,1,s
10305,1,19,1305,1,s
10306,1,19,1306,0,s
10307,1,19,1307,0,s
10308,1,19,1308,0,s
10309,1,19,1309,1,s
10310,1,19,1310,1,s
10311,1,19,1311,1,i
10312,1,19,1312,0,s
10313,1,19,1313,0,s
10314,1,19,1314,1,s
10315,1,19,1315,1,i
10316,1,19,1316,1,s
10317,1,19,1317,1,s
10318,1,19,1318,1,s
10319,1,19,1319,1,s
10320,1,19,1320,0,s
10321,1,19,1321,0,i
10322,1,19,1322,1,i
10323,1,19,1323,0,s
10324,1,19,1324,0,s
10325,1,19,1325,1,s
10326,1,19,1326,0,i
10327,1,19,1327,0,s
10328,1,19,1328,1,s
10329,1,19,1329,0,i
10330,1,19,1330,0,s
10331,1,19,1331,1,s
10332,1,19,1332,0,s
10333,1,19,1333,0,s
10334,1,19,1334,1,s
10335,1,19,1335,1,i
10336,1,19,1336,0,s
10337,1,19,1337,0,s
10338,1,19,1338,0,s
10339,1,19,1339,0,s
10340,1,19,1340,0,s
10341,1,19,1341,0,s
10342,1,19,1342,1,s
10343,1,19,1343,0,i
10344,1,19,1344,1,s
10345,1,19,1345,1,s
10346,1,19,1346,0,s
10347,1,19,1347,1,i
10348,1,19,1348,1,s
10349,1,19,1349,0,s
10350,1,19,1350,1,i
10351,1,19,1351,0,i
10352,1,19,1352,1,i
10353,1,19,1353,1,s
10354,1,19,1354,1,i
10355,1,19,1355,0,i
10356,1,19,1356,0,i
10357,1,19,1357,1,s
10358,1,19,1358,0,s
10359,1,19,1359,1,s
10360,1,19,1360,1,s
10361,1,19,1361,1,s
10362,1,19,1362,1,s
10363,1,19,1363,0,s
10364,1,19,1364,1,s
10365,1,19,1365,1,s
10366,1,19,1366,1,i
10367,1,19,1367,1,s
10368,1,19,1368,0,s
10369,1,19,1369,0,s
10370,1,19,1370,0,s
10371,1,19,1371,1,s
10372,1,19,1372,1,s
10373,1,19,1373,1,i
10374,1,19,1374,0,s
10375,1,19,1375,1,s
10376,1,19,1376,1,s
10377,1,19,1377,0,s
10378,1,19,1378,1,s
10379,1,19,1379,1,s
10380,1,19,1380,0,s
10381,1,19,1381,1,s
10382,1,19,1382,0,i
10383,1,19,1383,0,s
10384,1,19,1384,1,i
10385,1,19,1385,0,i
10386,1,19,1386,0,s
10387,1,19,1387,0,s
10388,1,19,1388,0,s
10389,1,19,1389,0,i
10390,1,19,1390,0,s
10391,1,19,1391,1,i
10392,1,19,1392,0,s
10393,1,19,1393,1,s
10394,1,19,1394,0,s
10395,1,19,1395,0,s
10396,1,19,1396,1,i
10397,1,19,1397,0,s
10398,1,19,1398,1,i
10399,1,19,1399,1,i
10400,1,19,1400,1,s
10401,1,19,1401,1,s
10402,1,19,1402,1,i
10403,1,19,1403,1,s
10404,1,19,1404,0,s
10405,1,19,1405,1,s
10406,1,19,1406,0,s
10407,1,19,1407,0,i
10408,1,19,1408,1,s
10409,1,19,1409,1,s
10410,1,19,1410,1,s
10411,1,19,1411,0,s
10412,1,19,1412,1,s
10413,1,19,1413,0,i
10414,1,19,1414,0,s
10415,1,19,1415,0,s
10416,1,19,1416,1,s
10417,1,19,1417,1,s
10418,1,19,1418,1,s
10419,1,19,1419,1,s
10420,1,19,1420,0,s
10421,1,19,1421,0,i
10422,1,19,1422,1,s
10423,1,19,1423,0,s
10424,1,19,1424,1,s
10425,1,19,1425,0,s
10426,1,19,1426,1,i
10427,1,19,1427,1,i
10428,1,19,1428,1,s
10429,1,19,1429,1,i
10430,1,19,1430,1,s
10431,1,19,1431,0,s
10432,1,19,1432,1,i
10433,1,19,1433,0,s
10434,1,19,1434,1,s
10435,1,19,1435,0,s
10436,1,19,1436,1,s
10437,1,19,1437,1,s
10438,1,19,1438,1,s
10439,1,19,1439,1,s
10440,1,19,1440,0,s
10441,1,19,1441,1,s
10442,1,19,1442,1,i
10443,1,19,1443,0,s
10444,1,19,1444,1,s
10445,1,19,1445,0,i
10446,1,19,1446,0,s
10447,1,19,1447,1,s
10448,1,19,1448,0,s
10449,1,19,1449,1,s
10450,1,19,1450,1,s
10451,1,19,1451,0,s
10452,1,19,1452,1,s
10453,1,19,1453,1,s
10454,1,19,1454,1,s
10455,1,19,1455,0,s
10456,1,19,1456,1,s
10457,1,19,1457,0,i
10458,1,19,1458,0,i
10459,1,19,1459,0,s
10460,1,19,1460,1,s
10461,1,19,1461,0,i
10462,1,19,1462,0,s
10463,1,19,1463,1,i
10464,1,19,1464,1,s
10465,1,19,1465,0,s
10466,1,19,1466,0,i
10467,1,19,1467,0,i
10468,1,19,1468,1,s
10469,1,19,1469,0,i
10470,1,19,1470,0,s
10471,1,19,1471,0,s
10472,1,19,1472,0,s
10473,1,19,1473,1,s
10474,1,19,1474,0,s
10475,1,19,1475,0,s
10476,1,19,1476,0,s
10477,1,19,1477,1,i
10478,1,19,1478,0,s
10479,1,19,1479,0,s
10480,1,19,1480,0,s
10481,1,19,1481,0,i
10482,1,19,1482,0,s
10483,1,19,1483,1,i
10484,1,19,1484,0,s
10485,1,19,1485,1,s
10486,1,19,1486,0,s
10487,1,19,1487,1,s
10488,1,19,1488,0,i
10489,1,19,1489,0,s
10490,1,19,1490,1,i
10491,1,19,1491,1,s
10492,1,19,1492,0,s
10493,1,19,1493,0,i
10494,1,19,1494,1,s
10495,1,19,1495,0,s
10496,1,19,1496,0,i
10497,1,19,1497,0,i
10498,1,19,1498,1,i
10499,1,19,1499,0,i
10500,1,19,1500,1,s
10501,1,19,1501,0,i
10502,1,19,1502,1,s
10503,1,19,1503,1,s
10504,1,19,1504,1,i
10505,1,19,1505,0,s
10506,1,19,1506,1,i
10507,1,19,1507,1,i
10508,1,19,1508,1,i
10509,1,19,1509,0,i
10510,1,19,1510,1,i
10511,1,19,1511,1,i
10512,1,19,1512,1,s
10513,1,19,1513,0,i
10514,1,19,1514,0,s
10515,1,19,1515,0,s
10516,1,19,1516,1,s
10517,1,19,1517,0,s
10518,1,19,1518,0,s
10519,1,19,1519,0,i
10520,1,19,1520,0,s
10521,1,19,1521,1,s
10522,1,19,1522,1,s
10523,1,19,1523,1,s
10524,1,19,1524,0,s
10525,1,19,1525,1,s
10526,1,19,1526,1,s
10527,1,19,1527,1,s
10528,1,19,1528,0,s
10529,1,19,1529,0,i
10530,1,19,1530,0,i
10531,1,19,1531,1,s
10532,1,19,1532,1,i
10533,1,19,1533,1,s
10534,1,19,1534,0,s
10535,1,19,1535,0,s
10536,1,19,1536,0,s
10537,1,19,1537,1,s
10538,1,19,1538,0,s
10539,1,19,1539,0,i
10540,1,19,1540,1,i
10541,1,19,1541,1,s
10542,1,19,1542,0,s
10543,1,19,1543,1,i
10544,1,19,1544,0,s
10545,1,19,1545,1,s
10546,1,19,1546,1,i
10547,1,19,1547,1,i
10548,1,19,1548,0,i
10549,1,19,1549,0,i
10550,1,19,1550,0,s
10551,1,19,1551,0,s
10552,1,19,1552,1,s
10553,1,19,1553,1,s
10554,1,19,1554,1,s
10555,1,19,1555,0,s
10556,1,19,1556,1,s
10557,1,19,1557,0,s
10558,1,19,1558,1,s
10559,1,19,1559,0,s
10560,1,19,1560,1,s
10561,1,19,1561,1,i
10562,1,19,1562,0,i
10563,1,19,1563,0,s
10564,1,19,1564,1,i
10565,1,19,1565,1,i
10566,1,19,1566,0,s
10567,1,19,1567,0,s
10568,1,19,1568,0,s
10569,1,19,1569,1,s
10570,1,19,1570,1,s
10571,1,19,1571,1,i
10572,1,19,1572,0,s
10573,1,19,1573,0,s
10574,1,19,1574,1,i
10575,1,19,1575,0,s
10576,1,19,1576,1,s
10577,1,19,1577,0,s
10578,1,19,1578,1,i
10579,1,19,1579,1,s
10580,1,19,1580,0,s
10581,1,19,1581,1,s
10582,1,19,1582,1,s
10583,1,19,1583,1,s
10584,1,19,1584,0,s
10585,1,19,1585,0,s
10586,1,19,1586,1,i
10587,1,19,1587,0,s
10588,1,19,1588,0,s
10589,1,19,1589,0,s
10590,1,19,1590,0,s
10591,1,19,1591,0,i
10592,1,19,1592,0,s
10593,1,19,1593,1,s
10594,1,19,1594,1,s
10595,1,19,1595,1,s
10596,1,19,1596,0,s
10597,1,19,1597,0,s
10598,1,19,1598,0,i
10599,1,19,1599,1,s
10600,1,19,1600,1,i
10601,1,19,1601,1,s
10602,1,19,1602,0,s
10603,1,19,1603,0,s
10604,1,19,1604,1,s
10605,1,19,1605,0,s
10606,1,19,1606,1,s
10607,1,19,1607,0,i
10608,1,19,1608,1,s
10609,1,19,1609,0,s
10610,1,19,1610,0,i
10611,1,19,1611,0,s
10612,1,19,1612,0,s
10613,1,19,1613,0,i
10614,1,19,1614,1,s
10615,1,19,1615,1,s
10616,1,19,1616,1,s
10617,1,19,1617,1,s
10618,1,19,1618,0,s
10619,1,19,1619,0,i
10620,1,19,1620,1,s
10621,1,19,1621,0,s
10622,1,19,1622,1,s
10623,1,19,1623,1,s
10624,1,19,1624,1,s
10625,1,19,1625,1,s
10626,1,19,1626,0,s
10627,1,19,1627,0,s
10628,1,19,1628,1,s
10629,1,19,1629,0,s
10630,1,19,1630,1,i
10631,1,19,1631,1,s
10632,1,19,1632,1,i
10633,1,19,1633,0,s
10634,1,19,1634,1,s
10635,1,19,1635,0,s
10636,1,19,1636,1,s
10637,1,19,1637,0,i
10638,1,19,1638,0,i
10639,1,19,1639,1,s
10640,1,19,1640,0,s
10641,1,19,1641,0,s
10642,1,19,1642,0,s
10643,1,19,1643,0,s
10644,1,19,1644,1,i
10645,1,19,1645,0,s
10646,1,19,1646,0,s
10647,1,19,1647,1,s
10648,1,19,1648,1,i
10649,1,19,1649,1,s
10650,1,19,1650,1,i
10651,1,19,1651,0,s
10652,1,19,1652,1,s
10653,1,19,1653,1,i
10654,1,19,1654,1,i
10655,1,19,1655,1,s
10656,1,19,1656,0,i
10657,1,19,1657,1,i
10658,1,19,1658,1,s
10659,1,19,1659,1,s
10660,1,19,1660,0,s
10661,1,19,1661,0,s
10662,1,19,1662,0,s
10663,1,19,1663,0,i
10664,1,19,1664,1,s
10665,1,19,1665,0,s
10666,1,19,1666,0,s
10667,1,19,1667,1,s
10668,1,19,1668,1,s
10669,1,19,1669,0,s
10670,1,19,1670,1,i
10671,1,19,1671,1,i
10672,1,19,1672,0,i
10673,1,19,1673,0,i
10674,1,19,1674,0,s
10675,1,19,1675,0,s
10676,1,19,1676,1,s
10677,1,19,1677,1,s
10678,1,19,1678,0,s
10679,1,19,1679,0,s
10680,1,19,1680,1,s
10681,1,19,1681,1,s
10682,1,19,1682,1,i
10683,1,19,1683,0,s
10684,1,19,1684,0,i
10685,1,19,1685,0,s
10686,1,19,1686,1,s
10687,1,19,1687,1,s
10688,1,19,1688,0,s
10689,1,19,1689,0,s
10690,1,19,1690,0,s
10691,1,19,1691,1,s
10692,1,19,1692,0,s
10693,1,19,1693,1,i
10694,1,19,1694,1,s
10695,1,19,1695,0,s
10696,1,19,1696,1,i
10697,1,19,1697,1,i
10698,1,19,1698,0,s
10699,1,19,1699,0,s
10700,1,19,1700,0,i
10701,1,19,1701,1,s
10702,1,19,1702,1,i
10703,1,19,1703,1,s
10704,1,19,1704,0,s
10705,1,19,1705,1,s
10706,1,19,1706,0,i
10707,1,19,1707,0,i
10708,1,19,1708,1,s
10709,1,19,1709,0,s
10710,1,19,1710,0,i
10711,1,19,1711,0,i
10712,1,19,1712,1,i
10713,1,19,1713,0,s
10714,1,19,1714,0,s
10715,1,19,1715,0,s
10716,1,19,1716,1,s
10717,1,19,1717,0,i
10718,1,19,1718,1,i
10719,1,19,1719,0,s
10720,1,19,1720,0,s
10721,1,19,1721,1,s
10722,1,19,1722,1,i
10723,1,19,1723,0,i
10724,1,19,1724,1,s
10725,1,19,1725,0,s
10726,1,19,1726,0,s
10727,1,19,1727,0,s
10728,1,19,1728,0,s
10729,1,19,1729,1,s
10730,1,19,1730,0,i
10731,1,19,1731,1,s
10732,1,19,1732,0,s
10733,1,19,1733,1,s
10734,1,19,1734,0,s
10735,1,19,1735,1,s
10736,1,19,1736,1,i
10737,1,19,1737,1,s
10738,1,19,1738,1,s
10739,1,19,1739,1,s
10740,1,19,1740,1,s
10741,1,19,1741,1,s
10742,1,19,1742,1,i
10743,1,19,1743,0,i
10744,1,19,1744,0,s
10745,1,19,1745,0,i
10746,1,19,1746,0,s
10747,1,19,1747,0,s
10748,1,19,1748,0,s
10749,1,19,1749,1,s
10750,1,19,1750,1,s
10751,1,19,1751,0,s
10752,1,19,1752,0,i
10753,1,19,1753,0,s
10754,1,19,1754,0,i
10755,1,19,1755,1,s
10756,1,19,1756,1,s
10757,1,19,1757,1,s
10758,1,19,1758,0,s
10759,1,19,1759,0,s
10760,1,19,1760,0,s
10761,1,19,1761,1,s
10762,1,19,1762,1,s
10763,1,19,1763,0,s
10764,1,19,1764,0,s
10765,1,19,1765,1,i
10766,1,19,1766,1,s
10767,1,19,1767,1,s
10768,1,19,1768,1,i
10769,1,19,1769,1,i
10770,1,19,1770,0,i
10771,1,19,1771,0,s
10772,1,19,1772,0,i
10773,1,19,1773,0,s
10774,1,19,1774,0,s
10775,1,19,1775,0,s
10776,1,19,1776,0,s
10777,1,19,1777,1,s
10778,1,19,1778,0,i
10779,1,19,1779,0,s
10780,1,19,1780,1,s
10781,1,19,1781,0,s
10782,1,19,1782,1,s
10783,1,19,1783,1,i
10784,1,19,1784,1,s
10785,1,19,1785,0,s
10786,1,19,1786,0,s
10787,1,19,1787,1,s
10788,1,19,1788,0,s
10789,1,19,1789,1,s
10790,1,19,1790,1,s
10791,1,19,1791,1,i
10792,1,19,1792,1,s
10793,1,19,1793,1,s
10794,1,19,1794,0,s
10795,1,19,1795,0,s
10796,1,19,1796,1,i
10797,1,19,1797,0,s
10798,1,19,1798,0,s
10799,1,19,1799,1,s
10800,1,19,1800,0,i
10801,1,19,1801,0,s
10802,1,19,1802,1,s
10803,1,19,1803,0,s
10804,1,19,1804,0,i
10805,1,19,1805,1,s
10806,1,19,1806,0,i
10807,1,19,1807,1,s
10808,1,19,1808,0,s
10809,1,19,1809,0,s
10810,1,19,1810,1,s
10811,1,19,1811,0,s
10812,1,19,1812,1,i
10813,1,19,1813,0,s
10814,1,19,1814,1,i
10815,1,19,1815,1,s
10816,1,19,1816,0,i
10817,1,19,1817,0,s
10818,1,19,1818,0,s
10819,1,19,1819,0,s
10820,1,19,1820,0,s
10821,1,19,1821,0,s
10822,1,19,1822,0,i
10823,1,19,1823,0,s
10824,1,19,1824,0,i
10825,1,19,1825,0,s
10826,1,19,1826,1,s
10827,1,19,1827,1,s
10828,1,19,1828,1,s
10829,1,19,1829,0,s
10830,1,19,1830,0,s
10831,1,19,1831,1,s
10832,1,19,1832,0,i
10833,1,19,1833,1,s
10834,1,19,1834,1,s
10835,1,19,1835,0,s
10836,1,19,1836,0,i
10837,1,19,1837,1,s
10838,1,19,1838,1,s
10839,1,19,1839,1,i
10840,1,19,1840,0,s
10841,1,19,1841,1,i
10842,1,19,1842,0,s
10843,1,19,1843,1,s
10844,1,19,1844,1,i
10845,1,19,1845,1,s
10846,1,19,1846,1,s
10847,1,19,1847,0,i
10848,1,19,1848,0,s
10849,1,19,1849,1,i
10850,1,19,1850,0,s
10851,1,19,1851,1,s
10852,1,19,1852,1,s
10853,1,19,1853,0,s
10854,1,19,1854,0,s
10855,1,19,1855,1,s
10856,1,19,1856,0,s
10857,1,19,1857,1,s
10858,1,19,1858,0,s
10859,1,19,1859,0,s
10860,1,19,1860,0,s
10861,1,19,1861,1,i
10862,1,19,1862,1,i
10863,1,19,1863,0,s
10864,1,19,1864,1,s
10865,1,19,1865,0,s
10866,1,19,1866,1,s
10867,1,19,1867,1,s
10868,1,19,1868,1,s
10869,1,19,1869,1,s
10870,1,19,1870,1,s
10871,1,19,1871,1,s
10872,1,19,1872,0,i
10873,1,19,1873,1,s
10874,1,19,1874,0,s
10875,1,19,1875,1,s
10876,1,19,1876,1,i
10877,1,19,1877,0,i
10878,1,19,1878,1,i
10879,1,19,1879,1,s
10880,1,19,1880,0,i
10881,1,19,1881,0,s
10882,1,19,1882,1,i
10883,1,19,1883,1,s
10884,1,19,1884,0,s
10885,1,19,1885,0,i
10886,1,19,1886,1,s
10887,1,19,1887,1,i
10888,1,19,1888,0,i
10889,1,19,1889,1,s
10890,1,19,1890,1,s
10891,1,19,1891,0,s
10892,1,19,1892,1,s
10893,1,19,1893,1,s
10894,1,19,1894,0,s
10895,1,19,1895,1,s
10896,1,19,1896,0,s
10897,1,19,1897,0,i
10898,1,19,1898,1,i
10899,1,19,1899,1,s
10900,1,19,1900,0,s
10901,1,19,1901,0,i
10902,1,19,1902,0,s
10903,1,19,1903,1,s
10904,1,19,1904,1,s
10905,1,19,1905,0,i
10906,1,19,1906,1,i
10907,1,19,1907,0,s
10908,1,19,1908,0,s
10909,1,19,1909,1,s
10910,1,19,1910,1,s
10911,1,19,1911,1,s
10912,1,19,1912,0,i
10913,1,19,1913,1,s
10914,1,19,1914,0,s
10915,1,19,1915,1,i
10916,1,19,1916,1,i
10917,1,19,1917,1,s
10918,1,19,1918,0,i
10919,1,19,1919,0,i
10920,1,19,1920,0,s
10921,1,19,1921,0,s
10922,1,19,1922,0,s
10923,1,19,1923,0,i
10924,1,19,1924,0,s
10925,1,19,1925,0,s
10926,1,19,1926,1,i
10927,1,19,1927,0,i
10928,1,19,1928,1,s
10929,1,19,1929,0,s
10930,1,19,1930,1,s
10931,1,19,1931,0,s
10932,1,19,1932,0,s
10933,1,19,1933,1,s
10934,1,19,1934,0,s
10935,1,19,1935,0,s
10936,1,19,1936,1,i
10937,1,19,1937,1,s
10938,1,19,1938,0,s
10939,1,19,1939,1,s
10940,1,19,1940,1,s
10941,1,19,1941,0,s
10942,1,19,1942,0,i
10943,1,19,1943,0,s
10944,1,19,1944,1,s
10945,1,19,1945,0,s
10946,1,19,1946,1,s
10947,1,19,1947,1,s
10948,1,19,1948,1,s
10949,1,19,1949,0,s
10950,1,19,1950,1,s
10951,1,19,1951,0,s
10952,1,19,1952,0,s
10953,1,19,1953,0,i
10954,1,19,1954,1,s
10955,1,19,1955,1,s
10956,1,19,1956,1,s
10957,1,19,1957,0,s
10958,1,19,1958,1,s
10959,1,19,1959,1,i
10960,1,19,1960,1,s
10961,1,19,1961,1,s
10962,1,19,1962,0,s
10963,1,19,1963,0,s
10964,1,19,1964,0,s
10965,1,19,1965,0,s
10966,1,19,1966,1,i
10967,1,19,1967,0,s
10968,1,19,1968,1,s
10969,1,19,1969,0,s
10970,1,19,1970,0,s
10971,1,19,1971,1,s
10972,1,19,1972,1,s
10973,1,19,1973,0,i
10974,1,19,1974,1,i
10975,1,19,1975,1,s
10976,1,19,1976,0,i
10977,1,19,1977,1,i
10978,1,19,1978,0,s
10979,1,19,1979,1,s
10980,1,19,1980,1,s
10981,1,19,1981,1,s
10982,1,19,1982,0,s
10983,1,19,1983,0,s
10984,1,19,1984,0,s
10985,1,19,1985,0,s
10986,1,19,1986,1,s
10987,1,19,1987,0,i
10988,1,19,1988,1,s
10989,1,19,1989,1,s
10990,1,19,1990,0,s
10991,1,19,1991,0,s
10992,1,19,1992,0,s
10993,1,19,1993,0,s
10994,1,19,1994,0,i
10995,1,19,1995,0,s
10996,1,19,1996,1,s
10997,1,19,1997,1,s
10998,1,19,1998,0,s
10999,1,19,1999,1,s
11000,1,19,2000,1,i
11001,1,19,2001,0,s
11002,1,19,2002,0,s
11003,1,19,2003,1,i
11004,1,19,2004,0,i
11005,1,19,2005,1,s
11006,1,19,2006,1,s
11007,1,19,2007,1,i
11008,1,19,2008,1,s
11009,1,19,2009,1,i
11010,1,19,2010,0,s
11011,1,19,2011,1,i
11012,1,19,2012,1,s
11013,1,19,2013,1,s
11014,1,19,2014,0,s
11015,1,19,2015,1,s
11016,1,19,2016,0,s
11017,1,19,2017,0,s
11018,1,19,2018,1,i
11019,1,19,2019,0,s
11020,1,19,2020,1,s
11021,1,19,2021,0,s
11022,1,19,2022,1,s
11023,1,19,2023,1,i
11024,1,19,2024,1,s
11025,1,19,2025,1,s
11026,1,19,2026,0,i
11027,1,19,2027,1,s
11028,1,19,2028,1,s
11029,1,19,2029,1,i
11030,1,19,2030,0,s
11031,1,19,2031,0,i
11032,1,19,2032,1,s
11033,1,19,2033,0,s
11034,1,19,2034,0,s
11035,1,19,2035,1,s
11036,1,19,2036,0,s
11037,1,19,2037,1,s
11038,1,19,2038,1,s
11039,1,19,2039,1,s
11040,1,19,2040,0,s
11041,1,19,2041,0,s
11042,1,19,2042,0,i
11043,1,19,2043,0,s
11044,1,19,2044,1,s
11045,1,19,2045,1,s
11046,1,19,2046,1,s
11047,1,19,2047,1,i
11048,1,19,2048,0,s
11049,1,19,2049,1,i
11050,1,19,2050,0,i
11051,1,19,2051,0,i
11052,1,19,2052,0,s
11053,1,19,2053,1,i
11054,1,19,2054,1,s
11055,1,19,2055,0,i
11056,1,19,2056,1,s
11057,1,19,2057,1,s
11058,1,19,2058,1,i
11059,1,19,2059,0,i
11060,1,19,2060,0,s
11061,1,19,2061,0,i
11062,1,19,2062,1,s
11063,1,19,2063,0,s
11064,1,19,2064,0,i
11065,1,19,2065,0,s
11066,1,19,2066,1,s
11067,1,19,2067,0,s
11068,1,19,2068,0,s
11069,1,19,2069,1,s
11070,1,19,2070,1,s
11071,1,19,2071,0,s
11072,1,19,2072,1,s
11073,1,19,2073,1,s
11074,1,19,2074,1,s
11075,1,19,2075,0,s
11076,1,19,2076,1,i
11077,1,19,2077,0,s
11078,1,19,2078,0,s
11079,1,19,2079,0,i
11080,1,19,2080,1,s
11081,1,19,2081,1,i
11082,1,19,2082,1,s
11083,1,19,2083,1,s
11084,1,19,2084,1,s
11085,1,19,2085,1,s
11086,1,19,2086,0,s
11087,1,19,2087,0,s
11088,1,19,2088,0,s
11089,1,19,2089,0,s
11090,1,19,2090,0,i
11091,1,19,2091,0,i
11092,1,19,2092,1,s
11093,1,19,2093,0,s
11094,1,19,2094,1,s
11095,1,19,2095,1,i
11096,1,19,2096,0,s
11097,1,19,2097,1,s
11098,1,19,2098,1,s
11099,1,19,2099,0,s
11100,1,19,2100,0,s
11101,1,19,2101,0,i
11102,1,19,2102,1,i
11103,1,19,2103,1,s
11104,1,19,2104,1,i
11105,1,19,2105,0,s
11106,1,19,2106,0,i
11107,1,19,2107,0,s
11108,1,19,2108,0,s
11109,1,19,2109,0,s
11110,1,19,2110,0,s
11111,1,19,2111,0,s
11112,1,19,2112,0,i
11113,1,19,2113,1,s
11114,1,19,2114,1,s
11115,1,19,2115,1,s
11116,1,19,2116,0,i
11117,1,19,2117,0,i
11118,1,19,2118,1,i
11119,1,19,2119,0,i
11120,1,19,2120,1,s
11121,1,19,2121,1,s
11122,1,19,2122,0,i
11123,1,19,2123,1,i
11124,1,19,2124,0,s
11125,1,19,2125,1,i
11126,1,19,2126,0,s
11127,1,19,2127,1,s
11128,1,19,2128,1,s
11129,1,19,2129,0,s
11130,1,19,2130,1,s
11131,1,19,2131,0,s
11132,1,19,2132,0,s
11133,1,19,2133,0,i
11134,1,19,2134,0,i
11135,1,19,2135,0,i
11136,1,19,2136,1,s
11137,1,19,2137,0,s
11138,1,19,2138,1,i
11139,1,19,2139,0,i
11140,1,19,2140,0,s
11141,1,19,2141,0,i
11142,1,19,2142,1,s
11143,1,19,2143,1,i
11144,1,19,2144,0,s
11145,1,19,2145,0,s
11146,1,19,2146,0,s
11147,1,19,2147,1,i
11148,1,19,2148,1,s
11149,1,19,2149,0,s
11150,1,19,2150,0,s
11151,1,19,2151,1,s
11152,1,19,2152,0,s
11153,1,19,2153,0,s
11154,1,19,2154,1,s
11155,1,19,2155,0,i
11156,1,19,2156,1,s
11157,1,19,2157,1,s
11158,1,19,2158,1,s
11159,1,19,2159,1,s
11160,1,19,2160,0,s
11161,1,19,2161,0,i
11162,1,19,2162,0,s
11163,1,19,2163,0,s
11164,1,19,2164,1,s
11165,1,19,2165,1,s
11166,1,19,2166,1,i
11167,1,19,2167,0,s
11168,1,19,2168,1,s
11169,1,19,2169,1,s
11170,1,19,2170,1,s
11171,1,19,2171,0,s
11172,1,19,2172,0,s
11173,1,19,2173,0,i
11174,1,19,2174,0,s
11175,1,19,2175,1,i
11176,1,19,2176,1,i
11177,1,19,2177,0,s
11178,1,19,2178,1,s
11179,1,19,2179,0,s
11180,1,19,2180,0,s
11181,1,19,2181,1,s
11182,1,19,2182,0,i
11183,1,19,2183,1,i
11184,1,19,2184,1,s
11185,1,19,2185,1,i
11186,1,19,2186,0,i
11187,1,19,2187,1,s
11188,1,19,2188,1,s
11189,1,19,2189,1,i
11190,1,19,2190,1,s
11191,1,19,2191,0,i
11192,1,19,2192,1,s
11193,1,19,2193,0,s
11194,1,19,2194,1,s
11195,1,19,2195,1,s
11196,1,19,2196,1,s
11197,1,19,2197,0,i
11198,1,19,2198,0,i
11199,1,19,2199,0,i
11200,1,19,2200,1,s
11201,1,19,2201,0,i
11202,1,19,2202,1,s
11203,1,19,2203,0,s
11204,1,19,2204,1,s
11205,1,19,2205,0,s
11206,1,19,2206,1,i
11207,1,19,2207,1,i
11208,1,19,2208,0,s
11209,1,19,2209,1,s
11210,1,19,2210,0,i
11211,1,19,2211,1,s
11212,1,19,2212,0,s
11213,1,19,2213,0,s
11214,1,19,2214,0,i
11215,1,19,2215,0,i
11216,1,19,2216,1,s
11217,1,19,2217,1,s
11218,1,19,2218,1,s
11219,1,19,2219,0,s
11220,1,19,2220,0,s
11221,1,19,2221,1,i
11222,1,19,2222,0,s
11223,1,19,2223,0,s
11224,1,19,2224,1,s
11225,1,19,2225,1,i
11226,1,19,2226,0,s
11227,1,19,2227,0,s
11228,1,19,2228,0,s
11229,1,19,2229,1,s
11230,1,19,2230,1,s
11231,1,19,2231,0,s
11232,1,19,2232,0,s
11233,1,19,2233,0,i
11234,1,19,2234,0,i
11235,1,19,2235,0,s
11236,1,19,2236,0,s
11237,1,19,2237,0,s
11238,1,19,2238,0,i
11239,1,19,2239,0,s
11240,1,19,2240,1,s
11241,1,19,2241,0,s
11242,1,19,2242,0,i
11243,1,19,2243,0,s
11244,1,19,2244,1,i
11245,1,19,2245,1,s
11246,1,19,2246,1,s
11247,1,19,2247,0,s
11248,1,19,2248,1,s
11249,1,19,2249,1,s
11250,1,19,2250,1,i
11251,1,19,2251,0,s
11252,1,19,2252,1,s
11253,1,19,2253,1,i
11254,1,19,2254,0,s
11255,1,19,2255,0,i
11256,1,19,2256,1,s
11257,1,19,2257,0,i
11258,1,19,2258,0,s
11259,1,19,2259,1,s
11260,1,19,2260,1,s
11261,1,19,2261,0,s
11262,1,19,2262,1,i
11263,1,19,2263,0,s
11264,1,19,2264,0,s
11265,1,19,2265,1,s
11266,1,19,2266,0,s
11267,1,19,2267,0,s
11268,1,19,2268,0,i
11269,1,19,2269,0,i
11270,1,19,2270,0,s
11271,1,19,2271,1,s
11272,1,19,2272,1,s
11273,1,19,2273,0,s
11274,1,19,2274,1,i
11275,1,19,2275,0,s
11276,1,19,2276,1,i
11277,1,19,2277,1,s
11278,1,19,2278,0,i
11279,1,19,2279,0,s
11280,1,19,2280,0,s
11281,1,19,2281,0,s
11282,1,19,2282,0,s
11283,1,19,2283,1,s
11284,1,19,2284,0,s
11285,1,19,2285,0,s
11286,1,19,2286,1,i
11287,1,19,2287,1,s
11288,1,19,2288,0,s
11289,1,19,2289,0,s
11290,1,19,2290,1,s
11291,1,19,2291,0,s
11292,1,19,2292,0,i
11293,1,19,2293,0,s
11294,1,19,2294,1,i
11295,1,19,2295,1,i
11296,1,19,2296,0,i
11297,1,19,2297,0,s
11298,1,19,2298,0,s
11299,1,19,2299,1,s
11300,1,19,2300,1,i
11301,1,19,2301,0,i
11302,1,19,2302,0,s
11303,1,19,2303,0,s
11304,1,19,2304,0,s
11305,1,19,2305,0,s
11306,1,19,2306,1,s
11307,1,19,2307,1,s
11308,1,19,2308,0,s
11309,1,19,2309,0,s
11310,1,19,2310,1,s
11311,1,19,2311,0,s
11312,1,19,2312,0,s
11313,1,19,2313,1,s
11314,1,19,2314,0,s
11315,1,19,2315,1,s
11316,1,19,2316,1,s
11317,1,19,2317,0,i
11318,1,19,2318,0,s
11319,1,19,2319,0,s
11320,1,19,2320,1,s
11321,1,19,2321,0,s
11322,1,19,2322,0,i
11323,1,19,2323,1,s
11324,1,19,2324,1,s
11325,1,19,2325,1,i
11326,1,19,2326,1,i
11327,1,19,2327,1,i
11328,1,19,2328,0,s
11329,1,19,2329,1,s
11330,1,19,2330,1,s
11331,1,19,2331,0,s
11332,1,19,2332,1,s
11333,1,19,2333,1,s
11334,1,19,2334,1,s
11335,1,19,2335,1,i
11336,1,19,2336,1,s
11337,1,19,2337,0,s
11338,1,19,2338,1,s
11339,1,19,2339,1,s
11340,1,19,2340,1,s
11341,1,19,2341,0,i
11342,1,19,2342,1,s
11343,1,19,2343,0,s
11344,1,19,2344,1,s
11345,1,19,2345,0,s
11346,1,19,2346,0,s
11347,1,19,2347,1,s
11348,1,19,2348,1,i
11349,1,19,2349,1,s
11350,1,19,2350,0,i
11351,1,19,2351,0,i
11352,1,19,2352,0,s
11353,1,19,2353,1,s
11354,1,19,2354,1,s
11355,1,19,2355,0,s
11356,1,19,2356,0,s
11357,1,19,2357,0,s
11358,1,19,2358,0,s
11359,1,19,2359,0,s
11360,1,19,2360,1,s
11361,1,19,2361,0,i
11362,1,19,2362,0,s
11363,1,19,2363,0,i
11364,1,19,2364,1,s
11365,1,19,2365,0,i
11366,1,19,2366,0,i
11367,1,19,2367,1,i
11368,1,19,2368,0,s
11369,1,19,2369,1,i
11370,1,19,2370,1,s
11371,1,19,2371,0,i
11372,1,19,2372,1,s
11373,1,19,2373,0,s
11374,1,19,2374,1,s
11375,1,19,2375,1,s
11376,1,19,2376,0,s
11377,1,19,2377,0,s
11378,1,19,2378,0,s
11379,1,19,2379,1,s
11380,1,19,2380,0,s
11381,1,19,2381,1,i
11382,1,19,2382,1,s
11383,1,19,2383,1,s
11384,1,19,2384,0,s
11385,1,19,2385,0,s
11386,1,19,2386,0,i
11387,1,19,2387,1,s
11388,1,19,2388,1,i
11389,1,19,2389,0,s
11390,1,19,2390,1,i
11391,1,19,2391,1,s
11392,1,19,2392,1,s
11393,1,19,2393,1,i
11394,1,19,2394,0,s
11395,1,19,2395,1,s
11396,1,19,2396,0,i
11397,1,19,2397,1,s
11398,1,19,2398,1,i
11399,1,19,2399,0,s
11400,1,19,2400,1,s
11401,1,19,2401,1,s
11402,1,19,2402,1,s
11403,1,19,2403,0,i
11404,1,19,2404,0,s
11405,1,19,2405,1,s
11406,1,19,2406,1,s
11407,1,19,2407,1,s
11408,1,19,2408,1,i
11409,1,19,2409,1,s
11410,1,19,2410,1,s
11411,1,19,2411,0,s
11412,1,19,2412,1,s
11413,1,19,2413,0,s
11414,1,19,2414,0,i
11415,1,19,2415,1,s
11416,1,19,2416,1,s
11417,1,19,2417,0,i
11418,1,19,2418,0,s
11419,1,19,2419,0,s
11420,1,19,2420,0,s
11421,1,19,2421,0,s
11422,1,19,2422,0,s
11423,1,19,2423,0,s
11424,1,19,2424,0,i
11425,1,19,2425,1,i
11426,1,19,2426,0,i
11427,1,19,2427,0,s
11428,1,19,2428,0,i
11429,1,19,2429,1,i
11430,1,19,2430,1,i
11431,1,19,2431,1,s
11432,1,19,2432,1,s
11433,1,19,2433,0,i
11434,1,19,2434,1,s
11435,1,19,2435,1,s
11436,1,19,2436,1,s
11437,1,19,2437,0,s
11438,1,19,2438,1,i
11439,1,19,2439,1,s
11440,1,19,2440,0,i
11441,1,19,2441,1,s
11442,1,19,2442,1,s
11443,1,19,2443,1,s
11444,1,19,2444,1,s
11445,1,19,2445,1,i
11446,1,19,2446,1,s
11447,1,19,2447,0,s
11448,1,19,2448,1,s
11449,1,19,2449,1,i
11450,1,19,2450,1,i
11451,1,19,2451,0,s
11452,1,19,2452,0,s
11453,1,19,2453,0,s
11454,1,19,2454,0,s
11455,1,19,2455,1,s
11456,1,19,2456,0,s
11457,1,19,2457,0,i
11458,1,19,2458,1,s
11459,1,19,2459,0,i
11460,1,19,2460,1,s
11461,1,19,2461,1,i
11462,1,19,2462,1,s
11463,1,19,2463,1,s
11464,1,19,2464,0,s
11465,1,19,2465,1,i
11466,1,19,2466,1,i
11467,1,19,2467,1,i
11468,1,19,2468,1,s
11469,1,19,2469,1,s
11470,1,19,2470,1,s
11471,1,19,2471,1,s
11472,1,19,2472,0,i
11473,1,19,2473,0,s
11474,1,19,2474,1,s
11475,1,19,2475,0,s
11476,1,19,2476,1,s
11477,1,19,2477,1,s
11478,1,19,2478,0,s
11479,1,19,2479,1,i
11480,1,19,2480,0,s
11481,1,19,2481,1,s
11482,1,19,2482,1,s
11483,1,19,2483,0,i
11484,1,19,2484,1,i
11485,1,19,2485,1,s
11486,1,19,2486,0,s
11487,1,19,2487,0,i
11488,1,19,2488,0,s
11489,1,19,2489,1,s
11490,1,19,2490,1,i
11491,1,19,2491,0,i
11492,1,19,2492,1,s
11493,1,19,2493,1,s
11494,1,19,2494,1,i
11495,1,19,2495,0,s
11496,1,19,2496,1,s
11497,1,19,2497,1,s
11498,1,19,2498,0,s
11499,1,19,2499,1,s
11500,1,19,2500,1,s
11501,1,19,2501,0,s
11502,1,19,2502,0,s
11503,1,19,2503,0,s
11504,1,19,2504,0,s
11505,1,19,2505,1,s
11506,1,19,2506,0,i
11507,1,19,2507,0,s
11508,1,19,2508,1,s
11509,1,19,2509,0,i
11510,1,19,2510,0,s
11511,1,19,2511,1,s
11512,1,19,2512,1,s
11513,1,19,2513,0,i
11514,1,19,2514,0,s
11515,1,19,2515,0,i
11516,1,19,2516,0,i
11517,1,19,2517,1,i
11518,1,19,2518,1,s
11519,1,19,2519,0,s
11520,1,19,2520,1,s
11521,1,19,2521,0,s
11522,1,19,2522,0,s
11523,1,19,2523,1,s
11524,1,19,2524,1,s
11525,1,19,2525,0,s
11526,1,19,2526,0,i
11527,1,19,2527,0,i
11528,1,19,2528,1,s
11529,1,19,2529,1,i
11530,1,19,2530,1,s
11531,1,19,2531,0,s
11532,1,19,2532,0,i
11533,1,19,2533,1,s
11534,1,19,2534,0,i
11535,1,19,2535,1,s
11536,1,19,2536,0,s
11537,1,19,2537,0,s
11538,1,19,2538,0,s
11539,1,19,2539,0,s
11540,1,19,2540,0,i
11541,1,19,2541,1,s
11542,1,19,2542,1,s
11543,1,19,2543,0,s
11544,1,19,2544,1,s
11545,1,19,2545,1,i
11546,1,19,2546,0,s
11547,1,19,2547,1,s
11548,1,19,2548,1,s
11549,1,19,2549,0,s
11550,1,19,2550,1,s
11551,1,19,2551,0,i
11552,1,19,2552,1,s
11553,1,19,2553,1,s
11554,1,19,2554,0,s
11555,1,19,2555,0,i
11556,1,19,2556,0,s
11557,1,19,2557,1,s
11558,1,19,2558,0,s
11559,1,19,2559,1,s
11560,1,19,2560,1,s
11561,1,19,2561,0,i
11562,1,19,2562,1,s
11563,1,19,2563,0,s
11564,1,19,2564,1,s
11565,1,19,2565,0,s
11566,1,19,2566,0,s
11567,1,19,2567,1,s
11568,1,19,2568,0,s
11569,1,19,2569,1,i
11570,1,19,2570,1,s
11571,1,19,2571,1,s
11572,1,19,2572,0,s
11573,1,19,2573,0,s
11574,1,19,2574,1,i
11575,1,19,2575,0,s
11576,1,19,2576,1,s
11577,1,19,2577,0,s
11578,1,19,2578,1,i
11579,1,19,2579,0,s
11580,1,19,2580,1,s
11581,1,19,2581,1,s
11582,1,19,2582,0,s
11583,1,19,2583,1,s
11584,1,19,2584,0,i
11585,1,19,2585,1,i
11586,1,19,2586,1,s
11587,1,19,2587,1,i
11588,1,19,2588,0,s
11589,1,19,2589,0,i
11590,1,19,2590,1,s
11591,1,19,2591,1,s
11592,1,19,2592,0,s
11593,1,19,2593,1,s
11594,1,19,2594,1,s
11595,1,19,2595,0,s
11596,1,19,2596,0,i
11597,1,19,2597,1,s
11598,1,19,2598,0,s
11599,1,19,2599,0,s
11600,1,19,2600,0,s
11601,1,19,2601,0,i
11602,1,19,2602,1,s
11603,1,19,2603,1,s
11604,1,19,2604,0,s
11605,1,19,2605,0,s
11606,1,19,2606,1,i
11607,1,19,2607,0,s
11608,1,19,2608,0,i
11609,1,19,2609,0,s
11610,1,19,2610,1,i
11611,1,19,2611,1,s
11612,1,19,2612,0,s
11613,1,19,2613,0,s
11614,1,19,2614,1,i
11615,1,19,2615,0,s
11616,1,19,2616,0,s
11617,1,19,2617,0,s
11618,1,19,2618,0,s
11619,1,19,2619,0,s
11620,1,19,2620,1,s
11621,1,19,2621,0,s
11622,1,19,2622,0,s
11623,1,19,2623,1,s
11624,1,19,2624,1,s
11625,1,19,2625,1,i
11626,1,19,2626,1,s
11627,1,19,2627,0,i
11628,1,19,2628,0,i
11629,1,19,2629,1,i
11630,1,19,2630,0,s
11631,1,19,2631,0,s
11632,1,19,2632,1,s
11633,1,19,2633,1,s
11634,1,19,2634,1,i
11635,1,19,2635,0,i
11636,1,19,2636,1,s
11637,1,19,2637,0,i
11638,1,19,2638,1,i
11639,1,19,2639,0,s
11640,1,19,2640,0,s
11641,1,19,2641,1,s
11642,1,19,2642,1,s
11643,1,19,2643,0,i
11644,1,19,2644,0,s
11645,1,19,2645,0,s
11646,1,19,2646,1,i
11647,1,19,2647,1,s
11648,1,19,2648,0,s
11649,1,19,2649,0,i
11650,1,19,2650,1,s
11651,1,19,2651,0,s
11652,1,19,2652,1,s
11653,1,19,2653,1,i
11654,1,19,2654,1,s
11655,1,19,2655,0,s
11656,1,19,2656,1,s
11657,1,19,2657,0,s
11658,1,19,2658,1,s
11659,1,19,2659,1,i
11660,1,19,2660,0,i
11661,1,19,2661,1,s
11662,1,19,2662,0,s
11663,1,19,2663,1,s
11664,1,19,2664,1,s
11665,1,19,2665,0,s
11666,1,19,2666,0,s
11667,1,19,2667,1,s
11668,1,19,2668,1,s
11669,1,19,2669,1,s
11670,1,19,2670,0,s
11671,1,19,2671,1,s
11672,1,19,2672,1,s
11673,1,19,2673,0,s
11674,1,19,2674,0,i
11675,1,19,2675,0,s
11676,1,19,2676,1,s
11677,1,19,2677,0,s
11678,1,19,2678,1,i
11679,1,19,2679,0,i
11680,1,19,2680,1,i
11681,1,19,2681,0,s
11682,1,19,2682,0,s
11683,1,19,2683,1,s
11684,1,19,2684,1,s
11685,1,19,2685,1,s
11686,1,19,2686,0,s
11687,1,19,2687,1,s
11688,1,19,2688,0,i
11689,1,19,2689,0,s
11690,1,19,2690,0,s
11691,1,19,2691,0,s
11692,1,19,2692,1,s
11693,1,19,2693,0,s
11694,1,19,2694,1,i
11695,1,19,2695,1,s
11696,1,19,2696,0,s
11697,1,19,2697,0,i
11698,1,19,2698,0,s
11699,1,19,2699,0,s
11700,1,19,2700,0,s
11701,1,19,2701,1,s
11702,1,19,2702,1,s
11703,1,19,2703,0,s
11704,1,19,2704,1,s
11705,1,19,2705,1,s
11706,1,19,2706,1,i
11707,1,19,2707,1,s
11708,1,19,2708,1,s
11709,1,19,2709,1,s
11710,1,19,2710,0,i
11711,1,19,2711,1,i
11712,1,19,2712,1,s
11713,1,19,2713,1,s
11714,1,19,2714,0,i
11715,1,19,2715,1,s
11716,1,19,2716,0,s
11717,1,19,2717,0,i
11718,1,19,2718,0,s
11719,1,19,2719,0,s
11720,1,19,2720,0,s
11721,1,19,2721,0,s
11722,1,19,2722,0,s
11723,1,19,2723,1,i
11724,1,19,2724,1,s
11725,1,19,2725,0,s
11726,1,19,2726,0,s
11727,1,19,2727,0,s
11728,1,19,2728,0,s
11729,1,19,2729,0,i
11730,1,19,2730,1,i
11731,1,19,2731,1,s
11732,1,19,2732,1,s
11733,1,19,2733,0,s
11734,1,19,2734,1,s
11735,1,19,2735,1,i
11736,1,19,2736,0,s
11737,1,19,2737,1,s
11738,1,19,2738,0,s
11739,1,19,2739,0,s
11740,1,19,2740,1,s
11741,1,19,2741,0,i
11742,1,19,2742,0,s
11743,1,19,2743,0,i
11744,1,19,2744,1,i
11745,1,19,2745,0,s
11746,1,19,2746,1,i
11747,1,19,2747,0,s
11748,1,19,2748,0,s
11749,1,19,2749,1,i
11750,1,19,2750,0,s
11751,1,19,2751,0,i
11752,1,19,2752,1,i
11753,1,19,2753,0,s
11754,1,19,2754,1,s
11755,1,19,2755,0,s
11756,1,19,2756,0,s
11757,1,19,2757,0,s
11758,1,19,2758,0,s
11759,1,19,2759,1,i
11760,1,19,2760,0,s
11761,1,19,2761,1,i
11762,1,19,2762,0,s
11763,1,19,2763,1,i
11764,1,19,2764,1,s
11765,1,19,2765,1,i
11766,1,19,2766,0,i
11767,1,19,2767,1,s
11768,1,19,2768,1,s
11769,1,19,2769,1,s
11770,1,19,2770,1,s
11771,1,19,2771,1,s
11772,1,19,2772,1,s
11773,1,19,2773,0,s
11774,1,19,2774,1,i
11775,1,19,2775,0,s
11776,1,19,2776,0,s
11777,1,19,2777,0,s
11778,1,19,2778,0,i
11779,1,19,2779,1,s
11780,1,19,2780,1,i
11781,1,19,2781,0,s
11782,1,19,2782,1,s
11783,1,19,2783,1,s
11784,1,19,2784,0,s
11785,1,19,2785,0,i
11786,1,19,2786,1,s
11787,1,19,2787,0,s
11788,1,19,2788,1,i
11789,1,19,2789,1,i
11790,1,19,2790,0,s
11791,1,19,2791,1,s
11792,1,19,2792,1,s
11793,1,19,2793,0,s
11794,1,19,2794,0,s
11795,1,19,2795,1,s
11796,1,19,2796,1,i
11797,1,19,2797,1,s
11798,1,19,2798,1,s
11799,1,19,2799,0,s
11800,1,19,2800,1,i
11801,1,19,2801,0,s
11802,1,19,2802,1,s
11803,1,19,2803,0,s
11804,1,19,2804,0,s
11805,1,19,2805,1,s
11806,1,19,2806,0,i
11807,1,19,2807,1,i
11808,1,19,2808,1,i
11809,1,19,2809,0,s
11810,1,19,2810,1,s
11811,1,19,2811,0,s
11812,1,19,2812,0,i
11813,1,19,2813,0,s
11814,1,19,2814,0,s
11815,1,19,2815,1,s
11816,1,19,2816,0,s
11817,1,19,2817,0,s
11818,1,19,2818,0,s
11819,1,19,2819,0,s
11820,1,19,2820,0,s
11821,1,19,2821,1,s
11822,1,19,2822,1,s
11823,1,19,2823,1,s
11824,1,19,2824,1,s
11825,1,19,2825,0,s
11826,1,19,2826,0,i
11827,1,19,2827,0,s
11828,1,19,2828,0,i
11829,1,19,2829,1,s
11830,1,19,2830,1,s
11831,1,19,2831,0,s
11832,1,19,2832,0,i
11833,1,19,2833,1,i
11834,1,19,2834,0,s
11835,1,19,2835,0,s
11836,1,19,2836,0,s
11837,1,19,2837,1,s
11838,1,19,2838,1,s
11839,1,19,2839,1,s
11840,1,19,2840,0,s
11841,1,19,2841,1,s
11842,1,19,2842,1,s
11843,1,19,2843,1,s
11844,1,19,2844,1,i
11845,1,19,2845,1,s
11846,1,19,2846,1,i
11847,1,19,2847,0,i
11848,1,19,2848,1,s
11849,1,19,2849,0,s
11850,1,19,2850,1,s
11851,1,19,2851,1,s
11852,1,19,2852,0,s
11853,1,19,2853,1,i
11854,1,19,2854,0,s
11855,1,19,2855,0,i
11856,1,19,2856,0,i
11857,1,19,2857,0,s
11858,1,19,2858,1,s
11859,1,19,2859,0,i
11860,1,19,2860,0,i
11861,1,19,2861,0,s
11862,1,19,2862,0,s
11863,1,19,2863,1,s
11864,1,19,2864,0,s
11865,1,19,2865,0,i
11866,1,19,2866,0,i
11867,1,19,2867,0,s
11868,1,19,2868,1,i
11869,1,19,2869,0,s
11870,1,19,2870,1,s
11871,1,19,2871,1,s
11872,1,19,2872,1,s
11873,1,19,2873,1,i
11874,1,19,2874,0,s
11875,1,19,2875,0,s
11876,1,19,2876,1,s
11877,1,19,2877,1,i
11878,1,19,2878,1,s
11879,1,19,2879,0,s
11880,1,19,2880,1,s
11881,1,19,2881,1,i
11882,1,19,2882,1,s
11883,1,19,2883,0,s
11884,1,19,2884,0,s
11885,1,19,2885,1,s
11886,1,19,2886,1,s
11887,1,19,2887,0,s
11888,1,19,2888,0,i
11889,1,19,2889,0,i
11890,1,19,2890,0,s
11891,1,19,2891,1,s
11892,1,19,2892,1,s
11893,1,19,2893,0,s
11894,1,19,2894,0,s
11895,1,19,2895,0,s
11896,1,19,2896,1,i
11897,1,19,2897,0,s
11898,1,19,2898,0,s
11899,1,19,2899,0,s
11900,1,19,2900,0,s
11901,1,19,2901,0,s
11902,1,19,2902,1,s
11903,1,19,2903,0,s
11904,1,19,2904,1,s
11905,1,19,2905,1,s
11906,1,19,2906,1,s
11907,1,19,2907,0,s
11908,1,19,2908,1,s
11909,1,19,2909,0,s
11910,1,19,2910,0,i
11911,1,19,2911,0,s
11912,1,19,2912,0,s
11913,1,19,2913,0,i
11914,1,19,2914,0,s
11915,1,19,2915,1,s
11916,1,19,2916,0,s
11917,1,19,2917,1,s
11918,1,19,2918,1,s
11919,1,19,2919,1,s
11920,1,19,2920,1,i
11921,1,19,2921,1,i
11922,1,19,2922,0,i
11923,1,19,2923,1,i
11924,1,19,2924,0,s
11925,1,19,2925,0,s
11926,1,19,2926,1,i
11927,1,19,2927,1,i
11928,1,19,2928,0,s
11929,1,19,2929,0,s
11930,1,19,2930,0,s
11931,1,19,2931,1,i
11932,1,19,2932,0,i
11933,1,19,2933,1,i
11934,1,19,2934,0,s
11935,1,19,2935,1,s
11936,1,19,2936,0,s
11937,1,19,2937,1,s
11938,1,19,2938,1,s
11939,1,19,2939,0,i
11940,1,19,2940,0,s
11941,1,19,2941,0,s
11942,1,19,2942,0,s
11943,1,19,2943,1,s
11944,1,19,2944,0,s
11945,1,19,2945,0,s
11946,1,19,2946,0,i
11947,1,19,2947,0,s
11948,1,19,2948,1,s
11949,1,19,2949,1,i
11950,1,19,2950,1,s
11951,1,19,2951,0,s
11952,1,19,2952,0,i
11953,1,19,2953,0,i
11954,1,19,2954,0,s
11955,1,19,2955,1,i
11956,1,19,2956,1,s
11957,1,19,2957,1,s
11958,1,19,2958,1,i
11959,1,19,2959,0,s
11960,1,19,2960,0,s
11961,1,19,2961,0,s
11962,1,19,2962,0,s
11963,1,19,2963,0,i
11964,1,19,2964,1,s
11965,1,19,2965,0,s
11966,1,19,2966,1,s
11967,1,19,2967,1,s
11968,1,19,2968,1,i
11969,1,19,2969,1,s
11970,1,19,2970,1,s
11971,1,19,2971,1,i
11972,1,19,2972,0,s
11973,1,19,2973,1,s
11974,1,19,2974,0,s
11975,1,19,2975,1,s
11976,1,19,2976,1,s
11977,1,19,2977,1,i
11978,1,19,2978,0,i
11979,1,19,2979,0,s
11980,1,19,2980,1,s
11981,1,19,2981,1,i
11982,1,19,2982,0,s
11983,1,19,2983,0,s
11984,1,19,2984,0,s
11985,1,19,2985,0,s
11986,1,19,2986,1,s
11987,1,19,2987,1,s
11988,1,19,2988,0,s
11989,1,19,2989,1,s
11990,1,19,2990,1,s
11991,1,19,2991,0,s
11992,1,19,2992,0,s
11993,1,19,2993,0,s
11994,1,19,2994,0,i
11995,1,19,2995,1,s
11996,1,19,2996,1,i
11997,1,19,2997,0,s
11998,1,19,2998,0,s
11999,1,19,2999,1,s
12000,1,19,3000,0,i
