id,degree,blk,testatus
1,8,0,s
2,4,1,s
3,5,1,s
4,5,1,s
5,4,1,i
6,11,0,i
7,4,1,s
8,6,1,s
9,5,1,s
10,6,1,i
11,4,1,i
12,7,0,s
13,8,0,s
14,7,0,s
15,5,0,s
16,6,1,s
17,7,1,s
18,6,0,i
19,6,1,s
20,8,1,i
21,6,1,s
22,10,0,s
23,12,1,s
24,4,0,i
25,8,0,i
26,5,0,s
27,7,1,i
28,5,1,s
29,3,0,s
30,7,1,s
31,3,1,s
32,5,1,s
33,4,1,s
34,4,0,i
35,6,1,s
36,5,1,i
37,7,1,i
38,8,1,s
39,3,1,s
40,5,0,s
41,7,1,s
42,8,1,i
43,4,1,s
44,6,1,s
45,5,0,s
46,9,1,s
47,7,0,i
48,5,0,i
49,5,1,i
50,2,1,s
51,3,0,i
52,3,1,i
53,6,0,s
54,5,1,s
55,10,0,i
56,5,1,s
57,5,0,s
58,11,1,s
59,6,1,s
60,9,1,s
61,8,0,i
62,7,1,s
63,4,1,i
64,4,1,i
65,5,0,s
66,2,0,s
67,4,0,s
68,7,1,s
69,10,1,s
70,8,0,s
71,4,0,i
72,8,0,i
73,3,0,s
74,5,1,s
75,8,0,s
76,5,0,s
77,8,1,s
78,7,1,s
79,9,1,s
80,5,1,s
81,1,1,s
82,4,1,s
83,8,1,s
84,10,1,s
85,3,0,s
86,1,1,s
87,2,1,s
88,12,1,s
89,9,0,i
90,8,0,s
91,5,0,s
92,3,0,s
93,9,0,i
94,4,0,i
95,4,1,s
96,9,1,i
97,5,1,s
98,5,1,s
99,5,1,s
100,6,1,i
101,7,0,i
102,4,0,s
103,3,0,s
104,6,0,s
105,7,0,i
106,3,1,s
107,9,1,s
108,5,0,s
109,2,0,s
110,7,1,i
111,7,0,i
112,11,0,s
113,10,1,s
114,3,0,s
115,9,0,i
116,10,0,i
117,7,0,s
118,8,1,s
119,7,0,s
120,4,1,s
121,7,0,s
122,7,0,s
123,13,1,i
124,13,0,s
125,6,1,i
126,6,1,s
127,4,1,s
128,6,0,s
129,6,1,s
130,7,1,s
131,6,0,i
132,4,0,i
133,4,0,s
134,8,1,s
135,12,1,s
136,7,1,s
137,7,0,s
138,7,1,i
139,8,1,s
140,7,0,i
141,4,1,s
142,3,0,i
143,6,1,s
144,13,0,i
145,6,0,i
146,8,0,s
147,3,1,s
148,8,1,i
149,4,0,s
150,4,1,s
151,5,0,i
152,8,1,s
153,4,1,s
154,7,0,i
155,3,1,s
156,5,1,s
157,8,1,s
158,8,0,s
159,5,0,s
160,4,1,s
161,6,1,s
162,10,0,i
163,7,1,s
164,7,1,s
165,7,0,s
166,9,1,i
167,7,1,s
168,6,1,s
169,8,0,i
170,4,0,s
171,4,0,i
172,9,1,s
173,3,0,s
174,5,1,i
175,8,0,s
176,8,1,s
177,3,0,s
178,6,0,s
179,7,0,i
180,7,1,s
181,9,0,s
182,7,0,i
183,5,0,s
184,8,0,i
185,7,1,s
186,7,1,s
187,5,0,s
188,11,1,s
189,9,0,i
190,12,0,i
191,4,1,s
192,7,0,s
193,4,0,i
194,4,1,s
195,5,1,s
196,10,1,i
197,8,0,s
198,7,1,i
199,7,0,i
200,10,0,s
201,7,0,i
202,7,0,s
203,5,0,s
204,3,0,s
205,7,1,i
206,5,0,i
207,7,1,s
208,6,0,i
209,9,0,i
210,2,1,s
211,4,1,s
212,3,1,s
213,7,0,s
214,8,1,s
215,6,0,s
216,6,0,s
217,2,1,i
218,6,0,i
219,6,0,s
220,3,1,s
221,4,0,s
222,4,0,s
223,6,0,s
224,3,1,s
225,5,0,s
226,3,1,i
227,4,0,i
228,5,1,s
229,4,0,s
230,6,1,s
231,4,1,i
232,6,0,i
233,7,0,s
234,9,0,i
235,4,0,s
236,6,0,i
237,5,0,s
238,1,0,s
239,7,0,s
240,7,0,i
241,3,1,s
242,5,0,i
243,6,0,s
244,6,1,s
245,9,0,s
246,6,0,i
247,7,1,i
248,4,0,s
249,6,1,s
250,7,0,s
251,6,0,i
252,3,1,s
253,2,1,s
254,4,1,s
255,7,0,s
256,8,1,s
257,10,0,s
258,6,0,i
259,10,1,s
260,1,1,s
261,6,1,s
262,3,1,s
263,4,0,s
264,2,1,s
265,7,0,i
266,2,0,s
267,7,1,s
268,6,1,s
269,4,0,i
270,5,1,i
271,6,1,s
272,3,0,s
273,5,0,s
274,9,1,i
275,6,1,i
276,3,1,s
277,4,1,s
278,4,1,s
279,4,0,s
280,6,1,s
281,5,0,i
282,6,0,s
283,8,1,s
284,7,0,s
285,8,1,s
286,6,0,i
287,2,1,s
288,7,1,s
289,7,1,s
290,2,0,s
291,9,0,s
292,5,0,s
293,4,1,s
294,12,1,s
295,0,0,s
296,4,0,i
297,8,0,s
298,12,0,i
299,7,1,s
300,4,0,s
301,5,1,s
302,2,1,s
303,6,0,s
304,5,1,i
305,9,0,s
306,8,0,i
307,3,1,s
308,6,0,i
309,5,1,s
310,4,1,s
311,9,0,s
312,5,0,s
313,7,0,s
314,8,0,i
315,10,0,s
316,5,1,s
317,4,0,s
318,5,0,s
319,7,1,i
320,9,0,i
321,6,0,s
322,7,1,s
323,8,1,s
324,10,0,s
325,6,1,s
326,4,0,s
327,3,0,s
328,7,1,s
329,13,0,i
330,1,1,s
331,4,0,s
332,7,0,s
333,2,1,s
334,6,1,s
335,7,1,i
336,8,1,s
337,5,1,i
338,6,1,i
339,4,0,s
340,4,1,i
341,2,0,s
342,6,0,s
343,10,0,i
344,13,0,s
345,2,1,s
346,4,0,s
347,4,1,s
348,3,0,s
349,9,0,i
350,8,1,s
351,7,1,s
352,2,0,i
353,5,0,s
354,8,0,s
355,6,1,s
356,2,1,s
357,9,0,i
358,6,1,s
359,8,1,s
360,11,1,s
361,3,1,s
362,7,0,i
363,7,0,i
364,6,1,i
365,8,0,i
366,3,0,s
367,12,0,s
368,8,0,s
369,5,0,i
370,5,1,s
371,6,0,s
372,3,0,s
373,5,1,s
374,5,1,i
375,8,0,s
376,8,0,i
377,6,1,i
378,9,0,i
379,6,1,i
380,8,0,i
381,8,1,s
382,2,1,s
383,2,0,s
384,5,1,i
385,11,1,i
386,10,1,s
387,7,0,s
388,6,0,s
389,5,0,s
390,5,1,s
391,6,0,i
392,7,0,i
393,4,1,s
394,8,1,i
395,7,0,s
396,6,1,s
397,6,0,s
398,8,0,i
399,4,0,i
400,7,0,i
401,8,0,i
402,9,1,s
403,5,1,i
404,10,0,i
405,3,1,s
406,6,1,i
407,9,0,i
408,3,1,s
409,10,0,i
410,8,1,i
411,7,1,s
412,4,0,s
413,9,1,s
414,6,1,i
415,5,1,i
416,4,0,i
417,6,0,s
418,4,1,s
419,10,0,i
420,4,0,s
421,9,1,s
422,3,1,i
423,5,0,s
424,10,0,s
425,11,1,s
426,3,1,s
427,4,1,i
428,12,1,s
429,3,0,s
430,2,1,s
431,5,1,s
432,4,0,s
433,5,1,s
434,7,1,i
435,2,1,s
436,4,1,s
437,6,0,i
438,4,0,s
439,5,0,s
440,5,0,s
441,2,0,s
442,7,0,s
443,5,0,i
444,6,0,s
445,4,0,s
446,4,1,s
447,6,1,s
448,8,1,i
449,7,1,i
450,5,1,s
451,7,0,i
452,4,1,s
453,8,1,s
454,7,0,i
455,4,0,s
456,4,1,s
457,7,0,s
458,7,0,s
459,7,0,i
460,4,1,s
461,8,1,s
462,5,0,s
463,7,0,s
464,3,0,s
465,2,1,s
466,7,1,s
467,10,0,s
468,9,1,s
469,8,0,i
470,8,0,s
471,5,1,s
472,4,0,s
473,2,1,s
474,9,0,s
475,8,1,s
476,2,0,s
477,6,0,i
478,7,0,s
479,4,1,s
480,4,1,s
481,5,1,s
482,5,1,s
483,5,0,s
484,2,1,s
485,5,0,s
486,3,1,s
487,4,1,s
488,7,0,i
489,6,1,i
490,4,1,s
491,7,1,s
492,10,1,s
493,5,1,s
494,9,1,i
495,5,0,s
496,3,0,s
497,4,1,s
498,3,0,s
499,6,0,s
500,4,1,s
501,5,1,i
502,9,1,s
503,8,1,s
504,9,0,s
505,4,0,s
506,6,1,s
507,2,1,s
508,8,0,i
509,7,0,i
510,5,0,i
511,4,0,s
512,8,0,i
513,4,0,s
514,5,1,s
515,5,0,s
516,6,0,i
517,2,1,s
518,6,1,s
519,10,0,i
520,8,1,s
521,12,0,s
522,2,1,s
523,6,1,s
524,5,0,s
525,7,1,s
526,5,0,s
527,6,0,s
528,7,1,i
529,10,0,i
530,5,1,s
531,6,0,s
532,6,1,s
533,4,1,s
534,8,1,s
535,4,1,s
536,5,1,s
537,1,0,s
538,6,0,i
539,6,1,i
540,8,0,s
541,4,1,s
542,8,1,s
543,4,0,s
544,9,0,i
545,5,1,s
546,8,1,s
547,5,1,s
548,7,0,s
549,7,1,i
550,6,0,s
551,8,0,i
552,5,1,s
553,6,1,i
554,3,0,s
555,10,1,i
556,4,0,s
557,7,0,s
558,5,0,s
559,8,0,i
560,4,0,s
561,5,0,i
562,10,1,i
563,6,1,s
564,8,1,s
565,4,1,i
566,8,0,s
567,5,0,i
568,3,1,s
569,10,1,s
570,5,0,s
571,6,0,s
572,7,0,s
573,4,0,s
574,4,1,s
575,8,0,i
576,6,1,s
577,6,1,s
578,7,0,s
579,5,0,i
580,7,0,s
581,4,1,s
582,7,1,i
583,5,1,s
584,3,0,s
585,8,0,i
586,1,1,s
587,4,1,s
588,6,0,i
589,9,0,s
590,5,0,s
591,2,0,s
592,4,1,s
593,3,1,i
594,7,1,s
595,10,0,s
596,5,1,i
597,8,1,i
598,3,1,s
599,11,1,i
600,3,0,s
601,11,1,s
602,9,0,s
603,6,0,s
604,7,0,s
605,7,0,s
606,3,0,s
607,5,0,s
608,9,0,i
609,5,1,s
610,7,0,i
611,8,1,s
612,6,0,s
613,8,0,i
614,4,0,s
615,4,1,s
616,6,0,i
617,5,1,i
618,6,0,s
619,7,1,s
620,5,0,s
621,9,1,s
622,4,1,i
623,4,0,s
624,7,1,s
625,8,1,i
626,6,0,s
627,8,1,s
628,3,1,s
629,3,0,s
630,5,1,i
631,6,0,s
632,4,0,i
633,7,1,i
634,8,0,s
635,4,0,s
636,4,0,s
637,8,0,s
638,4,1,s
639,7,1,s
640,4,1,i
641,8,0,i
642,5,0,s
643,6,1,s
644,5,0,s
645,4,1,i
646,7,1,s
647,6,1,s
648,5,1,i
649,4,0,s
650,3,0,i
651,5,0,i
652,4,1,s
653,5,0,s
654,9,0,s
655,4,1,s
656,8,1,s
657,8,0,i
658,12,1,i
659,3,0,s
660,4,0,s
661,5,0,s
662,6,0,i
663,4,1,s
664,6,1,s
665,9,1,i
666,2,1,s
667,7,0,s
668,7,0,i
669,6,0,i
670,6,1,i
671,5,0,s
672,7,1,s
673,7,0,s
674,13,0,i
675,4,0,s
676,4,1,s
677,3,0,s
678,6,1,s
679,12,1,i
680,5,0,s
681,8,1,s
682,5,1,i
683,6,0,s
684,5,1,i
685,6,1,s
686,6,0,i
687,4,1,s
688,5,0,i
689,9,0,i
690,5,0,s
691,3,1,s
692,4,1,s
693,14,1,s
694,7,0,i
695,7,0,i
696,4,0,s
697,9,1,s
698,5,0,i
699,3,0,s
700,4,0,s
701,9,0,i
702,12,0,i
703,6,1,i
704,5,0,s
705,1,0,i
706,3,1,i
707,5,1,s
708,8,1,i
709,3,0,s
710,4,0,s
711,7,1,s
712,6,0,i
713,6,1,s
714,8,1,s
715,5,0,i
716,7,1,s
717,2,0,s
718,7,0,s
719,5,0,s
720,5,1,s
721,9,0,s
722,7,0,s
723,9,0,i
724,7,0,s
725,9,1,s
726,4,0,i
727,8,1,s
728,7,1,i
729,10,0,i
730,9,1,s
731,5,1,s
732,9,0,s
733,8,0,s
734,4,1,s
735,11,0,s
736,3,1,s
737,10,0,s
738,6,0,s
739,10,0,s
740,7,1,s
741,3,0,i
742,5,1,s
743,7,1,s
744,9,1,s
745,4,1,s
746,5,1,i
747,5,1,s
748,5,1,s
749,7,1,s
750,9,0,s
751,7,1,s
752,3,0,s
753,7,0,i
754,5,1,s
755,2,0,s
756,9,1,s
757,7,1,s
758,12,0,s
759,8,0,s
760,2,0,s
761,6,1,i
762,4,1,s
763,6,1,i
764,3,0,s
765,7,0,i
766,11,1,s
767,9,1,s
768,2,1,i
769,3,0,s
770,7,0,s
771,3,0,s
772,3,1,s
773,5,0,i
774,7,1,s
775,5,1,s
776,5,0,i
777,7,0,i
778,5,1,i
779,2,1,s
780,10,1,i
781,6,0,s
782,7,1,s
783,6,1,s
784,5,1,s
785,6,1,s
786,6,0,i
787,4,1,s
788,7,0,s
789,5,0,i
790,4,0,s
791,2,0,s
792,9,0,i
793,8,0,s
794,8,1,s
795,3,0,i
796,4,1,s
797,5,1,i
798,7,0,s
799,3,0,s
800,5,0,s
801,4,1,s
802,3,1,i
803,4,1,s
804,6,0,s
805,4,1,i
806,5,1,s
807,9,1,s
808,5,1,i
809,11,1,i
810,9,0,s
811,1,0,i
812,10,0,s
813,7,1,s
814,3,1,s
815,4,0,s
816,8,1,s
817,7,0,s
818,7,1,i
819,8,1,i
820,5,1,s
821,2,1,s
822,4,0,s
823,6,1,s
824,8,1,s
825,11,0,s
826,3,1,s
827,3,0,s
828,7,1,s
829,6,0,s
830,6,0,s
831,10,1,s
832,9,0,i
833,10,0,s
834,5,1,i
835,3,1,s
836,5,1,s
837,10,0,i
838,2,0,s
839,9,1,s
840,5,0,s
841,6,1,s
842,6,1,s
843,5,1,s
844,2,0,i
845,10,1,s
846,8,1,s
847,9,1,i
848,3,0,s
849,8,0,s
850,4,0,i
851,3,1,s
852,6,1,s
853,6,0,i
854,8,0,i
855,6,1,s
856,5,0,s
857,2,0,s
858,6,0,s
859,4,0,s
860,4,1,i
861,7,1,i
862,7,0,i
863,9,0,s
864,9,0,s
865,4,0,s
866,11,0,i
867,3,1,s
868,4,0,s
869,2,1,s
870,9,0,i
871,7,1,s
872,8,1,i
873,7,1,s
874,5,1,s
875,7,1,i
876,5,1,s
877,8,0,i
878,10,0,s
879,9,1,s
880,6,0,s
881,7,0,i
882,5,0,s
883,7,0,i
884,3,0,i
885,3,1,s
886,6,0,s
887,6,1,s
888,7,0,s
889,5,0,i
890,6,0,s
891,6,1,i
892,7,1,s
893,5,0,s
894,7,1,s
895,4,1,s
896,7,1,s
897,9,1,s
898,3,0,s
899,4,0,s
900,5,0,s
901,2,1,s
902,5,0,s
903,3,0,s
904,3,1,s
905,7,0,s
906,6,1,s
907,3,0,s
908,11,1,s
909,6,0,s
910,5,1,i
911,6,0,s
912,4,1,s
913,9,0,i
914,6,0,i
915,7,0,s
916,8,1,s
917,5,1,i
918,4,0,s
919,8,0,s
920,7,0,i
921,5,0,i
922,4,0,s
923,9,1,s
924,6,1,s
925,4,1,s
926,3,0,s
927,5,0,s
928,5,0,s
929,11,0,s
930,6,0,s
931,3,0,s
932,7,0,s
933,8,1,i
934,4,0,s
935,4,0,i
936,6,1,s
937,6,0,i
938,4,0,s
939,6,1,s
940,4,0,s
941,9,1,i
942,6,0,s
943,5,0,i
944,9,0,s
945,5,0,s
946,3,0,s
947,3,1,s
948,4,0,i
949,8,1,s
950,9,1,s
951,5,0,s
952,8,0,i
953,6,1,s
954,7,0,s
955,5,1,s
956,6,0,s
957,4,0,s
958,7,0,s
959,8,1,s
960,6,0,s
961,3,0,s
962,6,1,s
963,3,0,s
964,4,0,s
965,5,0,s
966,7,1,s
967,5,1,s
968,6,1,i
969,2,0,s
970,5,1,s
971,8,0,i
972,11,1,i
973,11,0,s
974,5,1,s
975,7,0,s
976,2,1,s
977,3,1,i
978,9,0,s
979,5,0,s
980,3,1,s
981,6,1,s
982,5,0,s
983,5,1,s
984,4,0,s
985,5,0,s
986,9,0,s
987,6,1,i
988,2,1,s
989,5,1,i
990,6,0,s
991,6,1,s
992,8,1,i
993,5,0,s
994,6,0,s
995,8,0,i
996,3,0,s
997,7,1,i
998,10,0,i
999,4,1,s
1000,3,0,s
1001,5,1,i
1002,10,1,s
1003,4,1,i
1004,7,0,i
1005,7,0,i
1006,5,1,i
1007,16,1,i
1008,8,1,s
1009,3,0,s
1010,7,1,s
1011,8,1,s
1012,3,0,i
1013,8,1,s
1014,5,0,s
1015,3,0,s
1016,12,0,s
1017,3,0,s
1018,6,0,s
1019,8,1,s
1020,4,1,s
1021,4,1,s
1022,1,1,s
1023,7,0,s
1024,9,1,s
1025,4,1,s
1026,7,0,s
1027,9,1,s
1028,9,1,i
1029,7,1,s
1030,3,0,s
1031,5,1,s
1032,11,0,s
1033,4,1,s
1034,3,0,s
1035,10,0,i
1036,3,0,s
1037,6,0,s
1038,11,0,i
1039,4,0,i
1040,5,0,s
1041,6,1,s
1042,7,0,s
1043,8,0,s
1044,7,1,s
1045,9,1,s
1046,9,0,i
1047,7,0,s
1048,7,1,s
1049,8,1,s
1050,7,1,s
1051,3,0,s
1052,4,0,s
1053,2,0,s
1054,9,1,s
1055,4,0,s
1056,9,1,s
1057,5,1,s
1058,7,1,s
1059,8,0,s
1060,6,1,s
1061,8,1,i
1062,3,1,s
1063,3,0,s
1064,9,0,s
1065,4,1,i
1066,0,0,s
1067,5,1,i
1068,10,1,i
1069,2,0,i
1070,6,0,s
1071,4,1,s
1072,7,0,i
1073,7,1,s
1074,8,0,s
1075,9,0,i
1076,5,1,s
1077,8,0,s
1078,5,1,s
1079,9,1,i
1080,7,0,s
1081,7,1,s
1082,8,0,i
1083,8,1,s
1084,8,1,i
1085,5,0,s
1086,10,0,i
1087,4,1,s
1088,6,1,s
1089,3,0,s
1090,8,0,s
1091,4,0,s
1092,8,0,s
1093,6,0,s
1094,3,0,s
1095,3,0,s
1096,5,1,s
1097,4,0,i
1098,4,1,s
1099,7,1,s
1100,5,0,s
1101,10,1,s
1102,4,0,i
1103,6,0,s
1104,7,1,s
1105,9,1,i
1106,9,1,s
1107,4,1,s
1108,5,1,s
1109,7,1,s
1110,4,0,s
1111,6,0,s
1112,6,0,i
1113,8,1,s
1114,7,0,i
1115,8,1,s
1116,3,1,s
1117,6,0,i
1118,3,1,s
1119,6,1,s
1120,12,1,s
1121,7,1,s
1122,6,0,i
1123,3,0,s
1124,8,1,s
1125,6,0,i
1126,3,1,s
1127,5,1,s
1128,4,1,s
1129,8,1,s
1130,7,1,s
1131,5,0,s
1132,5,1,s
1133,6,0,s
1134,5,1,i
1135,9,0,s
1136,9,1,s
1137,7,0,s
1138,6,1,i
1139,6,0,s
1140,9,0,i
1141,12,0,s
1142,7,1,s
1143,6,1,s
1144,6,0,s
1145,7,0,s
1146,3,1,s
1147,6,0,s
1148,6,1,s
1149,6,0,i
1150,5,1,s
1151,5,0,s
1152,5,1,s
1153,9,0,s
1154,5,1,s
1155,5,1,s
1156,5,0,i
1157,8,0,s
1158,8,0,s
1159,3,0,i
1160,5,1,s
1161,4,0,s
1162,8,1,s
1163,7,1,i
1164,12,0,s
1165,4,0,i
1166,7,1,i
1167,4,1,s
1168,2,0,i
1169,10,0,i
1170,4,0,s
1171,6,0,s
1172,4,1,s
1173,5,1,s
1174,5,1,s
1175,12,1,s
1176,9,1,s
1177,11,1,s
1178,3,1,s
1179,5,0,s
1180,4,0,s
1181,6,1,s
1182,7,0,s
1183,7,0,s
1184,9,0,s
1185,5,1,s
1186,5,1,s
1187,8,0,s
1188,6,0,s
1189,6,1,s
1190,1,0,i
1191,10,0,s
1192,3,1,s
1193,7,1,s
1194,7,1,s
1195,2,1,s
1196,6,1,s
1197,8,0,i
1198,7,1,s
1199,9,0,s
1200,4,1,s
1201,12,1,i
1202,3,1,s
1203,10,1,s
1204,7,1,i
1205,8,0,s
1206,5,1,s
1207,5,0,s
1208,7,0,s
1209,3,1,i
1210,8,0,i
1211,5,1,i
1212,3,1,s
1213,2,0,s
1214,9,1,s
1215,7,0,s
1216,5,0,s
1217,3,1,s
1218,6,0,i
1219,7,0,s
1220,7,1,s
1221,4,0,s
1222,6,1,s
1223,7,1,s
1224,5,1,i
1225,7,0,s
1226,6,0,i
1227,5,1,s
1228,3,1,s
1229,11,1,i
1230,6,1,i
1231,8,1,i
1232,7,0,s
1233,6,0,i
1234,7,0,i
1235,2,1,s
1236,5,0,s
1237,8,0,i
1238,9,1,s
1239,8,0,i
1240,7,0,s
1241,3,1,s
1242,4,1,s
1243,5,1,s
1244,3,0,s
1245,2,0,s
1246,3,0,i
1247,8,1,s
1248,6,0,s
1249,5,1,s
1250,2,1,s
1251,5,0,i
1252,6,0,s
1253,3,1,s
1254,7,0,s
1255,6,1,s
1256,5,1,s
1257,5,0,s
1258,8,0,s
1259,8,0,i
1260,1,0,s
1261,5,1,s
1262,3,0,i
1263,7,1,s
1264,3,0,s
1265,2,1,s
1266,10,0,s
1267,8,0,i
1268,3,0,s
1269,5,0,s
1270,7,1,i
1271,7,0,s
1272,6,1,i
1273,10,1,i
1274,4,0,s
1275,2,0,s
1276,7,0,i
1277,6,0,s
1278,6,1,i
1279,6,1,i
1280,7,0,i
1281,6,1,i
1282,4,0,s
1283,8,1,s
1284,10,0,i
1285,7,0,s
1286,7,1,s
1287,3,0,s
1288,4,1,i
1289,3,0,s
1290,5,1,s
1291,10,1,s
1292,10,1,i
1293,8,0,i
1294,5,0,i
1295,4,1,s
1296,4,1,s
1297,12,0,i
1298,1,0,s
1299,6,0,i
1300,5,0,s
1301,5,0,s
1302,9,0,i
1303,9,0,s
1304,7,0,s
1305,4,0,i
1306,3,0,s
1307,3,0,s
1308,8,0,s
1309,2,0,s
1310,3,0,s
1311,6,1,s
1312,7,0,s
1313,10,0,s
1314,5,1,s
1315,5,0,s
1316,6,1,i
1317,10,1,s
1318,6,1,s
1319,8,1,i
1320,4,0,i
1321,11,1,i
1322,1,0,s
1323,1,1,s
1324,7,1,s
1325,7,1,i
1326,8,0,i
1327,4,1,i
1328,3,1,s
1329,5,0,s
1330,5,0,s
1331,7,1,s
1332,3,0,s
1333,8,0,s
1334,5,0,i
1335,7,0,s
1336,5,1,s
1337,8,0,s
1338,8,1,i
1339,10,0,s
1340,2,0,s
1341,5,1,s
1342,7,1,s
1343,7,1,i
1344,3,0,s
1345,6,1,i
1346,5,0,i
1347,2,0,i
1348,3,1,s
1349,8,1,s
1350,3,1,s
1351,9,1,s
1352,3,0,s
1353,6,0,i
1354,8,1,i
1355,9,0,s
1356,8,0,s
1357,10,0,s
1358,3,1,s
1359,4,0,s
1360,6,0,s
1361,7,0,i
1362,5,0,i
1363,2,1,i
1364,4,0,s
1365,4,1,s
1366,6,0,i
1367,1,1,s
1368,9,0,i
1369,6,1,s
1370,6,1,s
1371,8,0,s
1372,6,1,s
1373,6,1,s
1374,13,0,s
1375,6,0,s
1376,8,1,s
1377,5,1,i
1378,4,1,s
1379,9,0,i
1380,13,0,i
1381,8,1,s
1382,3,1,s
1383,7,0,i
1384,9,1,i
1385,3,1,s
1386,11,1,s
1387,6,1,s
1388,4,1,s
1389,4,0,s
1390,5,0,s
1391,8,1,s
1392,7,1,i
1393,7,0,i
1394,6,0,i
1395,8,0,s
1396,7,0,s
1397,4,0,s
1398,8,1,s
1399,6,1,s
1400,3,0,s
1401,3,0,s
1402,6,1,s
1403,3,0,s
1404,4,1,s
1405,7,0,i
1406,5,0,s
1407,8,0,i
1408,4,0,i
1409,5,1,s
1410,5,1,s
1411,8,0,s
1412,7,1,s
1413,7,0,i
1414,5,1,s
1415,6,0,s
1416,6,0,s
1417,12,1,s
1418,5,0,s
1419,5,1,s
1420,7,0,s
1421,1,1,s
1422,8,0,i
1423,4,0,i
1424,6,0,i
1425,3,0,i
1426,6,0,s
1427,5,0,i
1428,5,0,s
1429,6,1,s
1430,4,1,s
1431,4,0,s
1432,6,0,s
1433,6,0,i
1434,5,0,i
1435,6,1,s
1436,5,0,s
1437,5,0,s
1438,6,1,i
1439,4,1,s
1440,6,0,s
1441,7,0,s
1442,2,0,s
1443,4,0,i
1444,1,0,i
1445,8,1,s
1446,2,1,s
1447,10,1,s
1448,5,0,s
1449,6,0,s
1450,9,0,i
1451,1,1,s
1452,10,0,s
1453,8,1,s
1454,3,1,s
1455,2,1,s
1456,8,0,s
1457,8,0,s
1458,8,0,s
1459,3,1,s
1460,4,0,s
1461,9,0,i
1462,4,1,s
1463,5,0,s
1464,8,0,s
1465,6,0,i
1466,11,0,i
1467,2,0,s
1468,4,0,s
1469,8,1,s
1470,5,1,s
1471,8,0,s
1472,7,1,s
1473,8,0,s
1474,11,0,i
1475,7,1,s
1476,4,1,s
1477,5,1,i
1478,8,0,i
1479,3,0,s
1480,2,1,s
1481,8,0,i
1482,4,0,s
1483,6,1,s
1484,8,1,s
1485,7,1,s
1486,6,1,s
1487,8,1,s
1488,5,1,s
1489,8,1,s
1490,7,1,s
1491,4,0,i
1492,9,1,s
1493,6,1,s
1494,5,0,s
1495,5,1,i
1496,4,1,s
1497,2,0,s
1498,5,0,s
1499,6,1,s
1500,4,0,s
1501,3,0,s
1502,4,1,i
1503,3,1,s
1504,5,1,s
1505,5,1,s
1506,5,0,i
1507,9,1,s
1508,10,1,s
1509,5,1,s
1510,7,1,s
1511,7,1,s
1512,5,1,s
1513,3,0,s
1514,5,1,s
1515,5,0,s
1516,2,1,s
1517,5,1,s
1518,2,1,s
1519,10,1,s
1520,8,0,s
1521,7,1,s
1522,3,0,s
1523,4,0,s
1524,4,1,s
1525,6,0,s
1526,5,0,s
1527,10,1,s
1528,11,0,i
1529,3,0,s
1530,5,1,s
1531,4,1,s
1532,6,1,i
1533,7,1,i
1534,9,0,s
1535,5,0,s
1536,4,0,s
1537,4,0,s
1538,12,1,i
1539,8,1,s
1540,7,0,i
1541,5,0,s
1542,3,0,s
1543,5,1,s
1544,8,0,s
1545,3,1,s
1546,9,1,i
1547,0,0,s
1548,7,1,i
1549,4,1,s
1550,6,0,s
1551,11,0,i
1552,1,1,s
1553,6,0,i
1554,11,0,s
1555,3,0,i
1556,3,0,s
1557,5,1,s
1558,9,0,i
1559,8,1,i
1560,8,1,s
1561,6,1,s
1562,4,0,i
1563,5,1,s
1564,3,0,i
1565,5,1,s
1566,9,0,i
1567,4,1,s
1568,3,1,s
1569,6,1,s
1570,3,0,s
1571,3,0,s
1572,7,1,s
1573,4,0,s
1574,4,0,s
1575,6,1,s
1576,5,0,s
1577,6,0,i
1578,6,1,s
1579,7,1,s
1580,5,1,s
1581,5,0,s
1582,6,0,s
1583,7,1,i
1584,12,0,s
1585,7,0,s
1586,3,1,s
1587,6,0,i
1588,8,0,s
1589,7,1,s
1590,1,0,s
1591,10,1,s
1592,2,0,i
1593,3,0,s
1594,5,1,s
1595,8,1,s
1596,3,1,s
1597,5,0,s
1598,6,0,s
1599,4,0,s
1600,4,1,s
1601,9,0,i
1602,5,0,s
1603,6,0,s
1604,8,0,s
1605,3,0,i
1606,3,1,s
1607,6,1,s
1608,2,1,s
1609,11,0,s
1610,2,1,s
1611,5,0,i
1612,5,0,i
1613,3,1,s
1614,4,0,s
1615,7,0,s
1616,3,0,s
1617,4,0,i
1618,9,0,s
1619,7,0,i
1620,6,1,s
1621,5,0,s
1622,11,1,s
1623,6,0,s
1624,2,0,s
1625,5,0,s
1626,4,1,s
1627,5,0,s
1628,11,0,s
1629,4,0,s
1630,8,0,i
1631,9,0,s
1632,6,0,i
1633,6,1,s
1634,7,0,s
1635,6,0,i
1636,4,0,i
1637,2,1,s
1638,8,1,s
1639,3,1,s
1640,8,1,s
1641,3,1,s
1642,6,1,i
1643,8,1,s
1644,9,1,i
1645,8,0,s
1646,4,0,s
1647,3,0,s
1648,3,1,s
1649,4,1,s
1650,6,1,i
1651,6,1,s
1652,8,1,s
1653,5,0,s
1654,6,1,s
1655,4,0,i
1656,5,1,s
1657,7,1,s
1658,3,1,s
1659,6,1,s
1660,7,0,i
1661,6,0,s
1662,5,1,s
1663,6,0,i
1664,1,1,s
1665,8,0,i
1666,5,0,s
1667,9,1,s
1668,11,1,s
1669,6,0,i
1670,3,1,s
1671,8,1,i
1672,9,0,i
1673,11,1,s
1674,4,1,s
1675,7,0,s
1676,10,0,s
1677,3,0,s
1678,6,1,s
1679,7,0,s
1680,4,1,s
1681,9,0,s
1682,6,1,s
1683,6,0,s
1684,9,0,s
1685,7,1,i
1686,5,1,s
1687,3,0,s
1688,9,0,s
1689,5,1,s
1690,6,1,i
1691,5,1,s
1692,5,1,i
1693,7,0,s
1694,8,0,s
1695,4,0,s
1696,6,0,i
1697,6,0,s
1698,4,1,s
1699,4,0,s
1700,7,1,s
1701,9,0,i
1702,2,1,s
1703,4,0,s
1704,6,1,s
1705,7,1,s
1706,8,1,s
1707,13,1,i
1708,10,0,i
1709,9,1,s
1710,11,1,i
1711,7,0,s
1712,5,1,s
1713,4,0,s
1714,7,1,s
1715,2,0,s
1716,10,0,i
1717,3,1,s
1718,5,0,i
1719,3,0,s
1720,5,0,s
1721,6,0,s
1722,1,1,i
1723,3,0,s
1724,3,0,i
1725,8,0,s
1726,3,1,s
1727,4,1,s
1728,7,1,s
1729,9,0,s
1730,5,1,s
1731,8,0,s
1732,7,1,s
1733,8,0,i
1734,8,1,s
1735,7,0,s
1736,6,0,i
1737,7,1,s
1738,5,1,s
1739,8,1,s
1740,9,0,i
1741,7,0,s
1742,8,0,i
1743,5,0,i
1744,7,0,s
1745,9,1,i
1746,7,1,i
1747,2,0,s
1748,16,1,i
1749,8,1,s
1750,5,0,s
1751,9,1,s
1752,6,0,s
1753,6,1,s
1754,4,1,s
1755,6,0,i
1756,9,0,s
1757,5,1,i
1758,3,0,s
1759,6,1,s
1760,11,1,s
1761,8,0,i
1762,11,1,i
1763,1,0,s
1764,10,1,s
1765,5,0,s
1766,6,1,s
1767,9,1,s
1768,7,0,s
1769,5,0,s
1770,7,0,i
1771,7,1,s
1772,3,1,s
1773,10,0,i
1774,1,1,s
1775,6,0,i
1776,6,1,s
1777,3,1,s
1778,8,1,s
1779,10,1,i
1780,2,0,i
1781,7,0,s
1782,8,1,s
1783,8,1,s
1784,5,1,s
1785,5,1,s
1786,8,1,s
1787,7,1,i
1788,2,0,s
1789,5,1,s
1790,6,1,s
1791,8,0,i
1792,13,0,s
1793,4,0,s
1794,6,0,s
1795,6,0,s
1796,7,0,s
1797,3,0,i
1798,3,1,s
1799,5,0,i
1800,8,0,i
1801,3,1,s
1802,10,0,s
1803,4,1,s
1804,5,1,s
1805,11,1,s
1806,6,1,s
1807,8,1,s
1808,5,0,s
1809,8,0,s
1810,6,1,i
1811,5,1,s
1812,7,1,i
1813,7,1,s
1814,9,0,i
1815,2,0,s
1816,9,0,s
1817,7,0,s
1818,6,1,s
1819,7,1,s
1820,4,0,s
1821,5,0,s
1822,6,1,s
1823,5,0,s
1824,9,1,s
1825,5,0,s
1826,1,1,s
1827,10,0,i
1828,2,0,s
1829,6,0,s
1830,6,1,s
1831,6,0,i
1832,5,1,i
1833,6,0,s
1834,5,0,i
1835,8,0,s
1836,7,1,s
1837,7,1,s
1838,4,1,s
1839,7,0,i
1840,4,1,s
1841,4,0,s
1842,6,1,s
1843,5,0,s
1844,5,0,s
1845,10,1,i
1846,7,0,i
1847,5,1,s
1848,5,1,s
1849,9,0,s
1850,9,1,s
1851,8,1,s
1852,4,0,s
1853,4,1,s
1854,8,1,i
1855,6,1,i
1856,6,0,i
1857,6,1,s
1858,6,0,s
1859,4,1,s
1860,3,1,s
1861,9,1,i
1862,8,1,s
1863,6,1,s
1864,5,1,s
1865,6,1,i
1866,8,1,i
1867,6,1,s
1868,2,0,s
1869,6,1,s
1870,7,0,s
1871,8,1,s
1872,3,0,s
1873,4,1,s
1874,7,1,s
1875,5,0,s
1876,7,0,s
1877,8,1,s
1878,5,0,s
1879,4,0,s
1880,6,1,s
1881,9,0,i
1882,9,0,i
1883,5,0,s
1884,3,0,s
1885,8,0,i
1886,6,1,s
1887,3,1,i
1888,4,0,s
1889,8,0,i
1890,11,1,i
1891,3,1,i
1892,12,0,i
1893,10,1,s
1894,9,1,s
1895,3,1,s
1896,8,0,s
1897,7,1,s
1898,7,0,s
1899,4,0,s
1900,5,0,i
1901,5,0,s
1902,2,1,s
1903,9,1,s
1904,3,1,i
1905,7,0,s
1906,1,1,s
1907,10,1,s
1908,5,1,s
1909,4,0,s
1910,2,1,s
1911,2,0,s
1912,6,0,i
1913,3,1,s
1914,6,0,s
1915,5,1,s
1916,4,1,i
1917,3,0,s
1918,4,1,s
1919,4,0,s
1920,4,1,s
1921,6,1,s
1922,3,0,s
1923,2,0,i
1924,5,1,s
1925,5,1,s
1926,5,0,s
1927,4,1,s
1928,7,0,s
1929,5,1,s
1930,12,1,i
1931,6,0,s
1932,12,0,s
1933,5,1,s
1934,7,1,s
1935,8,1,s
1936,5,1,s
1937,10,0,i
1938,5,1,i
1939,0,1,s
1940,4,1,s
1941,2,0,s
1942,6,1,i
1943,6,0,i
1944,10,0,s
1945,6,0,i
1946,10,0,s
1947,9,1,i
1948,11,1,s
1949,4,0,s
1950,5,0,s
1951,3,1,s
1952,7,1,s
1953,8,1,s
1954,6,0,s
1955,5,0,s
1956,5,1,s
1957,4,1,s
1958,5,1,s
1959,8,1,s
1960,6,0,s
1961,6,0,s
1962,11,0,s
1963,6,0,s
1964,3,0,i
1965,9,1,s
1966,7,0,s
1967,8,1,i
1968,1,1,s
1969,8,1,s
1970,7,0,i
1971,5,1,s
1972,4,0,s
1973,6,0,i
1974,5,1,s
1975,6,1,s
1976,3,1,s
1977,4,1,s
1978,5,0,i
1979,8,0,s
1980,10,1,s
1981,8,0,s
1982,3,0,s
1983,2,1,s
1984,8,1,s
1985,5,0,s
1986,4,0,i
1987,5,0,s
1988,4,1,i
1989,5,1,i
1990,6,1,s
1991,7,0,i
1992,7,0,i
1993,4,1,i
1994,6,1,s
1995,5,1,i
1996,5,1,s
1997,11,1,s
1998,3,0,s
1999,5,1,s
2000,6,1,s
2001,3,1,s
2002,9,0,s
2003,8,0,i
2004,4,0,s
2005,4,0,i
2006,6,1,s
2007,1,1,s
2008,9,1,s
2009,7,0,s
2010,5,1,i
2011,4,1,s
2012,8,1,i
2013,4,0,s
2014,6,0,s
2015,8,1,i
2016,3,1,s
2017,8,0,s
2018,5,0,s
2019,4,1,s
2020,7,1,i
2021,10,1,s
2022,5,1,s
2023,6,1,i
2024,8,1,s
2025,4,0,s
2026,11,0,i
2027,9,1,s
2028,6,0,i
2029,9,1,s
2030,3,1,s
2031,6,0,s
2032,9,1,s
2033,7,0,i
2034,1,0,s
2035,3,1,s
2036,4,0,s
2037,6,0,s
2038,6,1,s
2039,11,0,s
2040,5,1,s
2041,8,1,s
2042,7,1,s
2043,5,1,s
2044,3,0,s
2045,4,1,i
2046,3,1,s
2047,2,1,s
2048,8,0,s
2049,6,0,s
2050,4,0,i
2051,5,1,s
2052,6,0,s
2053,2,1,s
2054,5,0,s
2055,12,0,i
2056,5,0,s
2057,9,0,i
2058,7,0,i
2059,8,0,s
2060,6,1,s
2061,8,1,s
2062,4,1,s
2063,10,0,i
2064,10,0,s
2065,6,1,s
2066,3,1,s
2067,6,1,s
2068,9,1,s
2069,5,0,s
2070,6,0,s
2071,9,1,s
2072,5,0,s
2073,11,0,s
2074,5,1,s
2075,6,1,i
2076,7,1,i
2077,7,0,i
2078,7,1,s
2079,7,1,i
2080,8,1,s
2081,7,1,i
2082,6,0,i
2083,10,0,s
2084,4,0,s
2085,5,1,s
2086,4,1,s
2087,5,0,s
2088,3,0,s
2089,5,1,s
2090,5,0,s
2091,1,1,s
2092,6,1,i
2093,5,0,s
2094,6,1,s
2095,6,1,s
2096,2,1,s
2097,6,0,s
2098,4,0,s
2099,1,0,s
2100,8,0,i
2101,14,0,i
2102,5,1,s
2103,5,1,s
2104,5,1,s
2105,4,1,s
2106,3,1,i
2107,5,1,s
2108,5,0,i
2109,8,0,s
2110,7,1,i
2111,6,1,s
2112,11,1,s
2113,4,0,s
2114,10,0,i
2115,5,1,i
2116,3,0,i
2117,4,1,s
2118,8,1,s
2119,5,1,i
2120,4,1,i
2121,6,0,s
2122,5,1,s
2123,7,1,s
2124,10,0,s
2125,5,1,s
2126,5,0,s
2127,5,0,i
2128,6,1,s
2129,8,1,s
2130,7,0,s
2131,4,1,s
2132,6,1,s
2133,7,1,s
2134,5,0,i
2135,6,0,s
2136,6,1,s
2137,6,0,s
2138,5,1,s
2139,6,0,s
2140,3,1,s
2141,7,0,i
2142,8,0,i
2143,5,1,s
2144,9,1,i
2145,5,0,s
2146,6,1,s
2147,6,1,s
2148,3,1,s
2149,10,0,i
2150,12,1,i
2151,6,1,s
2152,9,0,s
2153,8,0,i
2154,6,0,s
2155,4,1,s
2156,6,0,i
2157,3,1,s
2158,4,0,s
2159,8,0,i
2160,6,0,i
2161,9,0,s
2162,5,0,s
2163,7,0,i
2164,11,1,i
2165,7,0,s
2166,5,1,i
2167,3,1,s
2168,10,1,s
2169,8,1,s
2170,5,0,s
2171,9,0,s
2172,9,0,s
2173,5,1,s
2174,8,1,s
2175,12,0,i
2176,4,1,s
2177,11,0,s
2178,12,1,i
2179,8,1,s
2180,4,1,s
2181,3,0,s
2182,3,0,i
2183,8,0,s
2184,8,0,s
2185,3,0,s
2186,5,0,i
2187,6,0,s
2188,5,1,s
2189,3,0,s
2190,1,0,s
2191,14,0,s
2192,7,0,s
2193,5,1,s
2194,6,0,i
2195,4,1,s
2196,4,0,s
2197,12,1,s
2198,7,1,s
2199,3,0,s
2200,6,0,s
2201,3,0,s
2202,7,1,s
2203,2,1,s
2204,2,1,i
2205,8,0,s
2206,4,0,i
2207,6,0,s
2208,5,1,i
2209,4,0,i
2210,6,0,s
2211,7,1,s
2212,3,0,i
2213,6,1,s
2214,6,0,s
2215,12,1,s
2216,3,0,s
2217,6,0,i
2218,5,0,s
2219,1,0,s
2220,2,1,s
2221,3,1,s
2222,5,1,s
2223,7,1,s
2224,5,0,s
2225,4,1,s
2226,9,1,i
2227,9,0,i
2228,5,0,s
2229,9,0,i
2230,6,0,i
2231,6,0,s
2232,8,1,s
2233,6,0,s
2234,7,0,s
2235,1,1,s
2236,4,0,s
2237,10,1,s
2238,9,1,s
2239,7,1,s
2240,7,1,i
2241,1,1,s
2242,6,0,s
2243,7,1,s
2244,9,1,i
2245,4,0,s
2246,6,1,s
2247,3,1,s
2248,7,1,s
2249,3,1,s
2250,7,0,s
2251,5,0,s
2252,6,1,s
2253,5,0,s
2254,4,1,s
2255,4,0,i
2256,5,1,s
2257,6,0,s
2258,10,1,s
2259,6,0,i
2260,10,1,s
2261,6,1,s
2262,6,0,i
2263,2,1,s
2264,7,1,i
2265,2,1,s
2266,5,1,s
2267,3,1,s
2268,5,1,i
2269,7,1,s
2270,2,1,s
2271,5,1,s
2272,9,1,s
2273,5,1,i
2274,9,0,s
2275,3,0,s
2276,4,0,s
2277,6,1,s
2278,3,0,s
2279,8,0,s
2280,8,1,s
2281,5,1,s
2282,5,1,s
2283,6,0,i
2284,5,0,i
2285,6,0,i
2286,12,1,s
2287,9,0,i
2288,7,1,i
2289,7,1,s
2290,6,0,s
2291,5,1,i
2292,5,1,s
2293,9,0,s
2294,7,1,i
2295,13,0,i
2296,7,1,i
2297,7,0,i
2298,5,1,s
2299,8,0,s
2300,4,1,s
2301,6,1,s
2302,3,1,s
2303,7,0,i
2304,7,1,s
2305,3,0,s
2306,5,0,s
2307,5,1,i
2308,6,1,s
2309,5,0,s
2310,1,0,i
2311,6,0,i
2312,7,1,s
2313,6,1,i
2314,8,0,i
2315,6,0,i
2316,6,0,s
2317,5,1,s
2318,3,0,s
2319,7,0,s
2320,5,1,s
2321,10,0,s
2322,7,0,s
2323,8,0,s
2324,10,1,s
2325,8,0,s
2326,4,1,s
2327,10,1,s
2328,7,0,s
2329,12,1,s
2330,1,1,s
2331,3,0,i
2332,7,0,i
2333,6,1,s
2334,3,0,i
2335,2,0,i
2336,2,1,s
2337,6,1,i
2338,5,1,i
2339,3,1,i
2340,7,0,s
2341,7,1,i
2342,2,1,s
2343,1,0,s
2344,8,1,i
2345,5,1,s
2346,5,1,s
2347,4,1,s
2348,5,0,i
2349,6,0,s
2350,5,1,s
2351,6,0,s
2352,5,1,s
2353,8,0,s
2354,7,1,s
2355,7,0,i
2356,5,0,s
2357,5,0,i
2358,4,0,s
2359,6,1,s
2360,8,0,i
2361,6,0,s
2362,3,1,s
2363,7,1,s
2364,7,1,s
2365,4,0,s
2366,3,1,i
2367,2,1,s
2368,7,0,i
2369,9,1,s
2370,7,0,i
2371,5,1,i
2372,7,1,s
2373,5,1,i
2374,6,0,s
2375,5,0,i
2376,6,1,i
2377,3,1,s
2378,5,0,s
2379,6,1,i
2380,10,0,s
2381,7,1,s
2382,6,1,s
2383,11,1,i
2384,5,0,s
2385,4,0,s
2386,6,0,s
2387,5,0,s
2388,5,0,s
2389,7,1,s
2390,10,0,i
2391,7,1,i
2392,7,0,s
2393,6,1,i
2394,1,1,s
2395,6,1,s
2396,11,0,s
2397,6,1,s
2398,7,1,s
2399,6,0,s
2400,2,1,s
2401,6,0,i
2402,8,1,s
2403,4,0,s
2404,6,0,s
2405,3,1,s
2406,9,1,s
2407,5,1,s
2408,7,0,s
2409,3,0,s
2410,5,0,i
2411,7,0,s
2412,7,1,i
2413,2,0,s
2414,4,0,i
2415,7,1,s
2416,7,0,s
2417,4,1,s
2418,6,0,s
2419,4,1,s
2420,5,1,i
2421,2,0,i
2422,8,0,s
2423,7,0,i
2424,6,1,s
2425,7,1,s
2426,2,0,i
2427,1,0,i
2428,5,0,s
2429,3,1,i
2430,8,0,s
2431,4,1,i
2432,6,1,i
2433,5,0,s
2434,6,0,s
2435,6,1,s
2436,9,1,s
2437,3,0,s
2438,5,0,s
2439,7,0,s
2440,9,0,i
2441,5,1,s
2442,5,1,i
2443,2,0,s
2444,8,1,i
2445,8,0,s
2446,5,1,s
2447,6,1,s
2448,4,1,s
2449,2,1,s
2450,4,1,s
2451,5,0,s
2452,6,0,s
2453,3,0,s
2454,5,0,i
2455,5,0,s
2456,3,0,s
2457,5,0,i
2458,8,0,s
2459,3,0,s
2460,6,1,s
2461,6,1,s
2462,7,0,i
2463,5,0,s
2464,4,0,s
2465,4,1,s
2466,8,0,i
2467,8,0,s
2468,4,1,s
2469,4,1,s
2470,12,0,i
2471,1,1,s
2472,2,1,s
2473,8,1,s
2474,3,0,i
2475,3,1,s
2476,5,1,s
2477,3,1,s
2478,10,1,i
2479,5,1,s
2480,5,0,s
2481,3,0,s
2482,6,1,i
2483,5,1,s
2484,6,1,s
2485,5,1,s
2486,4,0,s
2487,6,0,s
2488,9,0,s
2489,5,0,i
2490,8,1,s
2491,7,0,i
2492,8,0,i
2493,6,0,i
2494,3,1,s
2495,5,1,s
2496,5,1,i
2497,5,1,s
2498,11,1,s
2499,3,0,s
2500,4,0,s
2501,7,1,s
2502,6,1,s
2503,5,0,s
2504,7,0,s
2505,6,1,i
2506,6,0,i
2507,4,1,s
2508,5,0,s
2509,7,1,i
2510,4,0,s
2511,7,0,s
2512,3,0,i
2513,3,1,i
2514,6,0,i
2515,8,1,i
2516,6,0,s
2517,11,1,s
2518,8,1,s
2519,6,0,s
2520,4,1,s
2521,3,0,s
2522,7,0,s
2523,4,1,s
2524,6,1,s
2525,7,1,i
2526,5,1,s
2527,7,0,s
2528,2,0,s
2529,7,0,s
2530,4,0,i
2531,2,1,s
2532,11,1,s
2533,6,1,s
2534,6,0,i
2535,3,1,s
2536,4,1,s
2537,7,0,s
2538,7,1,i
2539,1,1,s
2540,10,0,i
2541,2,1,s
2542,8,0,s
2543,7,0,s
2544,4,1,s
2545,10,0,i
2546,4,1,s
2547,10,1,i
2548,6,1,s
2549,7,1,s
2550,7,0,i
2551,6,1,s
2552,8,0,i
2553,5,1,s
2554,6,0,i
2555,4,0,s
2556,2,0,s
2557,4,0,s
2558,7,0,s
2559,3,1,s
2560,7,0,s
2561,6,0,s
2562,9,0,s
2563,6,1,s
2564,3,0,s
2565,10,0,s
2566,5,1,s
2567,7,1,s
2568,6,0,s
2569,6,1,s
2570,5,0,s
2571,7,0,s
2572,5,1,i
2573,4,1,i
2574,2,0,s
2575,5,0,s
2576,7,0,i
2577,3,1,i
2578,8,1,s
2579,6,0,i
2580,8,1,s
2581,5,1,s
2582,6,1,s
2583,3,0,s
2584,9,1,s
2585,3,1,s
2586,5,0,i
2587,4,0,i
2588,7,1,s
2589,11,0,i
2590,6,0,s
2591,6,0,s
2592,11,0,s
2593,2,1,s
2594,6,1,i
2595,5,0,i
2596,8,1,s
2597,7,1,s
2598,4,1,s
2599,4,0,s
2600,5,0,s
2601,6,0,i
2602,9,0,s
2603,4,0,i
2604,9,0,s
2605,6,1,s
2606,9,1,s
2607,7,1,s
2608,5,1,s
2609,10,0,i
2610,4,0,i
2611,12,1,i
2612,7,0,s
2613,9,1,i
2614,7,1,i
2615,9,1,s
2616,6,1,s
2617,8,0,i
2618,8,1,s
2619,5,0,s
2620,4,1,s
2621,6,0,s
2622,7,1,s
2623,6,1,i
2624,12,1,s
2625,6,0,s
2626,5,0,s
2627,7,0,i
2628,8,1,s
2629,7,1,s
2630,5,0,i
2631,6,1,s
2632,5,1,s
2633,5,0,s
2634,7,1,s
2635,10,0,s
2636,11,1,i
2637,3,1,s
2638,10,1,s
2639,6,0,s
2640,6,1,s
2641,6,0,i
2642,6,1,i
2643,4,1,i
2644,10,1,s
2645,12,0,i
2646,6,0,s
2647,8,0,s
2648,6,0,s
2649,6,0,i
2650,4,1,i
2651,8,1,s
2652,8,1,s
2653,2,0,s
2654,5,0,s
2655,7,0,i
2656,8,0,i
2657,5,0,i
2658,5,0,s
2659,6,1,s
2660,3,0,s
2661,5,0,i
2662,8,1,i
2663,9,1,s
2664,6,0,i
2665,7,0,s
2666,11,0,i
2667,5,1,s
2668,8,1,s
2669,6,0,s
2670,8,1,s
2671,6,1,s
2672,6,1,i
2673,6,0,i
2674,8,0,i
2675,7,1,s
2676,7,1,i
2677,5,0,i
2678,2,0,s
2679,10,1,s
2680,9,1,s
2681,5,1,s
2682,6,0,s
2683,5,0,s
2684,6,0,i
2685,6,1,s
2686,8,0,i
2687,12,0,i
2688,2,0,s
2689,5,1,i
2690,8,1,s
2691,10,1,s
2692,7,1,i
2693,6,1,s
2694,6,1,s
2695,7,0,s
2696,4,1,s
2697,8,0,s
2698,7,1,s
2699,4,0,s
2700,8,0,s
2701,5,0,s
2702,7,1,s
2703,6,1,s
2704,4,0,s
2705,4,1,s
2706,4,1,s
2707,11,0,i
2708,8,0,s
2709,12,1,i
2710,8,0,i
2711,3,1,s
2712,4,0,s
2713,5,0,i
2714,5,0,s
2715,5,1,s
2716,3,1,s
2717,7,1,i
2718,6,1,s
2719,9,1,i
2720,5,1,s
2721,5,1,s
2722,5,0,i
2723,7,0,s
2724,4,0,s
2725,6,0,s
2726,2,1,s
2727,8,1,i
2728,11,0,s
2729,7,0,s
2730,9,0,i
2731,10,1,i
2732,2,1,s
2733,4,0,s
2734,2,0,s
2735,4,0,i
2736,5,0,s
2737,6,1,s
2738,5,1,s
2739,7,1,s
2740,8,0,i
2741,4,1,s
2742,4,0,s
2743,2,1,i
2744,4,0,s
2745,3,0,s
2746,14,1,s
2747,6,0,s
2748,4,0,s
2749,6,1,s
2750,5,1,i
2751,4,1,s
2752,8,1,i
2753,6,0,s
2754,5,1,s
2755,4,0,s
2756,11,1,s
2757,6,1,s
2758,10,0,s
2759,8,1,s
2760,4,1,s
2761,7,1,s
2762,14,1,s
2763,3,0,s
2764,4,1,s
2765,7,0,i
2766,9,1,i
2767,9,0,s
2768,6,1,s
2769,1,0,s
2770,6,1,s
2771,5,1,s
2772,6,1,s
2773,10,1,i
2774,6,1,i
2775,8,1,i
2776,2,1,s
2777,5,0,s
2778,4,1,i
2779,7,0,i
2780,6,1,s
2781,8,1,s
2782,5,0,s
2783,11,0,i
2784,5,1,s
2785,7,1,s
2786,5,0,s
2787,11,1,i
2788,5,0,s
2789,5,0,i
2790,7,1,s
2791,6,0,s
2792,8,0,i
2793,4,1,s
2794,10,0,s
2795,9,0,s
2796,2,1,s
2797,6,1,s
2798,6,1,s
2799,5,0,s
2800,7,1,s
2801,3,0,s
2802,10,1,i
2803,3,0,i
2804,12,1,i
2805,4,0,i
2806,4,0,s
2807,6,1,i
2808,8,0,s
2809,4,0,s
2810,8,0,s
2811,3,1,s
2812,9,0,i
2813,7,1,s
2814,10,1,i
2815,8,1,s
2816,1,1,i
2817,4,1,s
2818,5,1,s
2819,5,0,s
2820,8,0,s
2821,5,1,s
2822,5,1,s
2823,5,1,s
2824,5,0,s
2825,6,1,s
2826,6,0,s
2827,8,0,s
2828,4,0,s
2829,3,0,s
2830,6,1,s
2831,7,0,i
2832,7,0,s
2833,2,1,s
2834,9,0,s
2835,2,1,s
2836,9,1,s
2837,5,0,s
2838,3,1,i
2839,5,0,s
2840,10,0,s
2841,3,1,s
2842,5,1,s
2843,4,1,s
2844,6,0,i
2845,6,1,i
2846,5,0,s
2847,6,1,s
2848,9,1,i
2849,7,0,s
2850,3,1,s
2851,10,0,i
2852,5,0,s
2853,4,0,s
2854,6,1,s
2855,8,1,i
2856,5,0,s
2857,4,1,s
2858,6,0,s
2859,8,0,s
2860,7,0,s
2861,9,0,s
2862,9,0,s
2863,8,0,i
2864,5,1,s
2865,5,0,s
2866,6,1,s
2867,10,0,i
2868,7,1,s
2869,5,0,s
2870,6,1,s
2871,10,1,i
2872,6,1,s
2873,7,0,s
2874,4,0,i
2875,7,1,s
2876,9,1,s
2877,7,0,i
2878,9,0,i
2879,8,1,s
2880,6,1,s
2881,5,1,s
2882,6,1,s
2883,7,0,i
2884,4,1,s
2885,7,1,i
2886,4,0,i
2887,11,1,s
2888,5,1,s
2889,2,1,s
2890,8,1,s
2891,3,0,s
2892,9,1,s
2893,7,0,s
2894,10,0,s
2895,7,1,i
2896,5,0,s
2897,8,0,s
2898,8,0,i
2899,12,1,s
2900,10,0,i
2901,3,1,s
2902,4,1,i
2903,1,0,s
2904,3,0,i
2905,5,1,s
2906,6,0,s
2907,10,1,i
2908,9,0,s
2909,10,0,s
2910,4,1,s
2911,5,1,s
2912,5,0,s
2913,6,0,i
2914,4,1,s
2915,12,1,i
2916,8,0,s
2917,6,1,s
2918,7,1,s
2919,9,1,s
2920,4,1,s
2921,4,1,s
2922,4,1,s
2923,8,0,i
2924,5,0,i
2925,8,0,s
2926,6,0,s
2927,6,0,s
2928,4,1,s
2929,7,0,i
2930,4,0,i
2931,4,1,s
2932,10,0,i
2933,4,0,s
2934,3,1,s
2935,5,0,s
2936,9,0,i
2937,12,0,i
2938,5,1,i
2939,6,1,s
2940,5,0,s
2941,4,0,s
2942,5,1,s
2943,3,1,s
2944,5,0,s
2945,4,1,i
2946,4,0,s
2947,9,0,i
2948,6,1,s
2949,4,1,s
2950,6,0,s
2951,5,1,s
2952,5,1,s
2953,6,0,i
2954,7,0,i
2955,3,0,s
2956,9,1,s
2957,4,1,i
2958,2,0,i
2959,6,0,s
2960,3,1,s
2961,5,1,i
2962,9,1,s
2963,6,0,s
2964,7,1,s
2965,1,0,s
2966,9,1,s
2967,3,0,i
2968,7,1,s
2969,6,1,s
2970,3,0,s
2971,5,0,s
2972,9,1,s
2973,9,0,s
2974,5,0,s
2975,4,1,s
2976,6,1,s
2977,6,1,s
2978,9,0,s
2979,1,0,s
2980,6,0,s
2981,3,0,s
2982,3,0,s
2983,8,1,s
2984,5,1,s
2985,8,0,s
2986,4,0,i
2987,8,1,i
2988,5,0,s
2989,4,1,s
2990,3,0,s
2991,4,0,s
2992,7,1,s
2993,6,1,s
2994,2,0,s
2995,9,0,i
2996,10,1,s
2997,4,1,s
2998,7,1,s
2999,4,1,s
3000,7,0,s
