id,degree,wage,educ,black,ability
0,7,24700.693198366091,9.9489690316823776,1,9.9167773537406489
1,7,34024.816120234136,9.3641597346983811,1,8.3315605340026941
2,7,20234.672011496761,12.723495573137496,0,5.6713537775917811
3,14,37057.484903651006,13.739253133125301,0,4.8537634612474392
4,5,34359.408913342661,15.735663981770413,0,9.7131991830637698
5,8,37375.465897575101,16.569039037010072,1,6.8140767681397776
6,9,15615.308448770777,4.8499519193257887,1,7.1533287522012028
7,12,41897.092494185563,12.22010829280663,1,7.7153948982829545
8,12,26993.543204081063,9.3878811468274481,0,7.3693501495509715
9,14,12902.959529985179,9.8665692485529952,0,6.9342551293554164
10,10,29445.848254903951,12.52541435407994,0,9.445801651666736
11,9,25276.915345678997,8.6751867251391115,0,8.5807075948628597
12,8,19519.572829725359,9.00963105371628,0,6.2217703910535338
13,7,54452.798474193602,11.075416077258216,1,9.7228424343033275
14,13,41814.592162293862,12.295143502367493,0,11.747444095529467
15,11,17652.193842090379,10.589971830988091,1,11.107894665287603
16,8,20593.621322322168,10.717652676314867,0,11.162931374633262
17,12,24046.796721879036,10.3756637660696,0,5.915413100916135
18,6,33869.263699019517,11.018213254163804,0,6.8320828972776306
19,12,33180.784067148546,9.0193279966447584,1,10.944271022146935
20,9,44591.375234477353,16.835410432384155,0,7.9010498535445155
21,12,26019.495092151254,10.081556120186656,0,10.223765450868356
22,7,34430.079842878804,10.031204276038126,1,11.325234332761177
23,8,44452.189425529061,13.507908057083238,1,10.126012760884942
24,8,27556.136728152331,6.6804012408781634,1,7.6370571730005121
25,11,27876.857149989337,13.354301149623984,1,5.6150884674423889
26,12,19640.991433993328,11.23334990883904,0,9.3640065951704479
27,10,29653.486601465385,15.60173484399602,0,3.9073651665567386
28,6,34395.615488606767,11.459134187695245,0,10.445939202414518
29,5,37908.21646066862,15.925109052487453,0,7.4517196045911049
30,12,30994.690588915579,14.275415753166088,0,6.8217488187246342
31,12,53945.197640280378,13.475834067034654,0,8.8424973860852223
32,7,32175.928712423061,13.736218026429162,1,8.955651966485096
33,10,76144.504553887949,18.186278813917738,1,6.6862367029987757
34,7,55531.364887656848,15.747228922211043,1,8.9329650136361529
35,7,34064.097588178673,15.444192256773009,0,7.803845793555733
36,10,36530.504552116749,14.092767600635392,1,7.8635113516497457
37,14,26580.390527220938,10.888024147685323,1,9.4892417630851718
38,9,43191.960929612411,15.110286973775422,0,6.9649236871373157
39,10,30049.701051290514,7.1341578882432017,0,12.029739594841809
40,12,24306.828408003508,8.2106166557870583,1,5.1512483614184497
41,8,33169.06485728491,11.105489055292386,1,9.2527496108806027
42,10,27506.272008903696,10.18146466301074,1,9.4910979821173758
43,12,28420.617612929818,17.046942223020022,0,5.3681766434839595
44,16,30205.005772182245,12.977858568763413,1,7.4664324317823381
45,8,41262.383386113659,15.857114857247595,1,10.799312630315377
46,6,25632.425827586198,11.960680029822518,1,7.793243920022209
47,8,37381.020038184055,9.3136287750249096,0,8.5150100769804116
48,15,29767.315065100305,14.334180013455365,0,4.1865956673137381
49,13,41631.820201538641,14.450323656625667,0,7.7520352596171911
50,15,23772.47007264111,11.81633772974782,0,6.2322309078027516
51,12,49725.274972400824,14.804712443648135,1,10.026355645708966
52,13,48092.641148876304,11.451624284960662,0,7.6183116088024603
53,7,30348.677986800169,10.391628491033783,0,2.2994978768607348
54,12,22162.235418166954,10.792280160573554,0,8.5675681486421862
55,9,19785.257496181093,7.7093936525276296,0,5.9404577893637853
56,17,27236.991038791544,7.1741801827772385,0,8.2917179877433576
57,12,32194.467236147928,17.063412902377813,0,7.3888153237147822
58,6,27330.082675943431,12.459032044689659,0,9.827310352406835
59,9,33147.757859533027,10.584080129357659,0,7.6748134828215466
60,11,16251.549835546195,8.6938225374921885,0,11.370508621939443
61,8,43463.466223010859,9.6587638160898841,1,10.795711759191981
62,10,18745.192647106025,9.4437227324478616,1,6.9513747085815396
63,12,32896.733808350888,13.085228407673313,0,13.022585150275365
64,7,39703.254979058795,15.554806414583574,0,9.2243490238943053
65,17,28522.178985722236,12.647362405701983,0,6.1231623489776261
66,10,22676.198746173228,7.4176714363259117,1,11.045376740144917
67,15,30718.820656417916,9.4993877081110547,1,5.8556100812368239
68,10,45366.416716248219,12.901483746644136,0,8.4556862300646323
69,9,51002.626706660201,15.281950977426412,1,10.38707335210152
70,8,31764.345508051178,17.025687145733361,0,4.5721889712019266
71,13,19085.03506556213,6.4681493353670092,0,7.1037901858415182
72,13,41809.044605181036,12.889828123936159,1,6.0876554203724087
73,9,51894.083287305293,16.852073724458826,1,7.0987413690596748
74,9,38700.353677706888,12.578196022726997,0,5.2037180467076558
75,14,24921.925721880987,14.118025608874888,0,8.3945467315525288
76,2,15601.808757153512,5.5540201480155869,0,4.3040362747203389
77,9,35588.470429846449,8.5613630142922226,1,9.5537500363683563
78,16,16786.749608848506,12.38384870203817,0,10.985316105816114
79,10,41647.63266709599,13.848437580075721,0,7.4139195143172882
80,14,36056.07914367201,10.906401827407926,0,7.9695613065976669
81,13,39306.177468056878,11.612453590362506,1,9.9273063741035621
82,12,19842.177562352037,12.453777346571865,1,6.5626091562910664
83,13,29143.793433829625,12.929662573949949,0,7.6159127312122994
84,15,32620.328919188149,17.602752221484771,0,5.4344964493121246
85,12,25423.538338820112,11.14718252630073,0,9.6033755939741283
86,9,32040.602655052269,9.30445231568895,1,8.288319555937866
87,16,30307.001331801916,11.457012521797797,1,6.5598495578666416
88,5,34472.140804035676,13.840509582949784,1,7.094868062704359
89,10,25355.033810303736,12.727323263643452,0,6.4711992705584347
90,9,34347.457933852842,12.282747017763191,1,9.5337432259772505
91,12,40623.56082072272,13.363606519020358,0,10.083910804275792
92,8,26308.077966501096,11.435763234314789,1,7.5942351642296479
93,12,33568.081918945878,13.46738557089056,1,7.4174100033050081
94,11,27073.574834586572,10.870653231983853,0,9.459846506657323
95,9,29526.363981804505,10.446322058630122,0,9.1951133326498962
96,12,24726.915663626914,8.3068343150682296,1,8.0838197956860469
97,11,22091.504424501443,7.0444547034595084,1,4.825008636207385
98,10,27802.07427839762,11.658102867703237,1,6.3625990296625705
99,10,30082.281333262086,11.202226281684636,1,9.1996967774558556
100,12,11812.955028545448,8.8560828225172745,1,3.4937826482767029
101,4,16019.885229391848,8.1259280594509171,0,9.6538114366486258
102,5,25437.676542207577,10.87298949038667,1,5.8742431308869723
103,11,34809.513305310204,12.36616893012401,1,6.7352582434222654
104,8,40781.620563274068,13.550065217019791,1,10.65186055304687
105,6,41269.668479420056,12.891697979814589,1,9.4337500153234028
106,9,24429.799608968391,11.123502519202908,0,3.3429241966619498
107,8,26706.596857875502,10.706652817862736,1,6.0759374500389178
108,9,25267.117946555984,8.9043060503246174,1,8.2553178915886072
109,8,23292.509299955214,7.7626920465711198,1,9.2810002478034104
110,11,32360.20667474392,8.1462446598073335,0,10.186682256362857
111,6,21803.931058536498,10.859934042981967,1,10.228517200157714
112,11,53003.899037194868,13.549862571761157,1,8.700820378380115
113,15,30859.496362785758,14.379278662830242,0,4.0856890006534865
114,7,20970.212819972403,11.182623878938987,0,8.3543019208228664
115,7,17879.797010565442,10.207206245688004,1,9.6634377359054771
116,11,35535.090235543197,10.97409145063811,0,8.221472249209862
117,9,26736.195460450697,10.342880549008846,1,8.2341909674607798
118,7,26488.578365729623,7.8900200543006047,0,7.3253826807460882
119,6,32893.544170120666,12.61608465464807,0,6.5297394682630197
120,15,17067.252720694716,7.4958111593146244,0,5.671791833171195
121,11,27960.383585031108,11.931730070682953,1,5.8491512151475629
122,15,42509.23575236398,11.035715260490296,1,8.1692380388391541
123,7,25768.716264538754,14.072905088884006,0,7.4250475666612648
124,18,21399.399950208088,11.683041301905645,0,9.8539167853858363
125,12,26319.187781076293,14.992842035852144,0,9.2846759549979296
126,8,29020.425502217313,12.390223030392928,1,11.248625258081022
127,8,18124.653686658556,12.88287527281318,1,9.257038963859074
128,11,35665.605582176831,14.930767131279511,1,10.136794165074331
129,11,30187.146068960395,10.322564550962278,1,9.7463106626925615
130,14,31140.543889160275,12.209106848159131,0,11.13696694836645
131,9,26116.909597006212,11.146038649225666,1,3.673190630489894
132,10,28069.745871922321,11.022728060890056,1,10.669448941387609
133,13,30055.314491364894,11.007154009616325,0,13.534652240511781
134,8,19006.645364142238,10.71397517612705,1,7.616340147243414
135,10,33850.614039650289,13.238457025897354,1,11.619462928372917
136,11,23536.168307003089,10.39692707648577,0,6.5360329442617573
137,12,34295.655397716968,13.085653422437559,1,7.7402665806209843
138,13,36632.106670047302,11.24380052998116,1,10.336061865412336
139,9,17310.125551331206,5.4305152563022983,1,8.9972638857933234
140,12,34355.402463452432,13.647764945775439,0,12.122834820900593
141,11,27200.950109809743,8.3878391589025476,0,9.0341060626899683
142,7,42685.037898481009,10.405009966230693,1,7.316310996954698
143,11,29840.349456289259,12.336471212118123,0,6.7451118293574588
144,6,29006.428604485074,7.7501049815274481,0,8.1596580420852227
145,10,25607.041544089137,10.29227329911842,0,9.1228602834899259
146,8,23253.177680659952,9.7418053802352382,0,6.0659675519080434
147,5,46737.015256104038,9.7162194682861482,1,9.6883590097892007
148,19,26381.785247450331,15.974195878976015,0,7.4797243682597117
149,8,24509.061278341927,9.0879754724199575,1,6.4179522472905042
150,8,29947.727104910042,15.968366459935346,0,12.8180790404737
151,10,25763.443747393187,11.843634736602988,1,8.649328627422241
152,13,19374.444246664651,4.8040484739741469,1,10.549884973708277
153,11,31992.22097930788,11.200658579733526,1,7.5997944411994762
154,6,49975.418744063347,16.191657729097841,1,11.134394541258228
155,12,31241.043736476098,15.59619641791326,0,5.550252318907706
156,9,31278.932086497578,11.575852974165414,1,9.1337989235445267
157,6,28391.236292626669,13.10035762219109,1,4.5399886683750461
158,6,28464.286829191213,10.646599027586369,0,7.3867409178677006
159,4,24374.198216450655,10.866010049635451,0,7.6843013216260898
160,9,31173.723904791561,14.606487084926002,0,7.5436730912225798
161,8,23767.412539594316,8.2767822790870795,1,6.2497063742425656
162,9,15501.778418619779,8.0546574964057047,1,5.9804385243423788
163,9,38604.445007663264,8.9916978807338293,0,9.2618960579669061
164,9,29781.750487921083,11.636108459799091,0,3.5661755807508939
165,19,37281.512408288676,12.998958437905102,1,6.2844861864533801
166,12,20626.400354970101,4.9361551249447775,1,7.7408775632138056
167,12,15584.585636259473,9.9491015067354613,0,5.7859560421111675
168,6,36948.182929769428,12.686557097980707,1,7.637754536613687
169,14,28172.221990840932,12.805859631546626,1,10.497653325045697
170,17,28358.858927990503,14.758321407531145,0,9.3670394991499961
171,10,24798.959540310429,8.5984739134326418,1,9.5221044559351959
172,6,32487.871227603242,14.047613796528436,1,3.8384026772893494
173,6,26373.025619156018,9.2330115925295786,0,6.9216425643317487
174,8,25896.574375088236,14.1031132214911,0,6.0304039446122637
175,7,20766.916160710491,10.602985378613832,0,8.4943520724868016
176,14,23560.19536846449,11.693510271914798,0,12.277372580467507
177,16,36279.943483241077,11.932012464964123,1,7.1460555033924109
178,16,22597.307498294907,10.69125389593245,1,7.692049826936775
179,8,22929.397592368932,15.226507464553343,0,10.951676996476808
180,8,18840.051078388715,8.1323913549679876,1,7.7414763876244006
181,10,68592.423908605895,17.273730553750759,1,11.247517857128162
182,10,24477.458148136673,13.545075731239583,0,7.0704604114135163
183,7,28895.251966712021,13.955038836379945,1,6.5616046744158867
184,6,38949.613946435951,9.3601515846381638,1,10.482282973792145
185,4,27437.994472832001,16.772235050785113,0,7.2264258236368955
186,6,37214.783833945919,12.274572600442795,0,5.6676198621945382
187,6,40986.824016746628,15.051847049093377,0,8.4578209369675434
188,11,18923.05593276607,9.9140610825146052,0,5.680305482732793
189,10,29414.457152442224,12.349546826102047,1,10.223591561042472
190,7,24026.375513032359,15.266138353477583,1,9.7936082901484856
191,12,32570.440349359018,13.054777204586054,0,10.215282189288729
192,18,24494.331391438627,6.2049796340206456,0,8.0184665393928913
193,10,24425.150694379769,11.580376737029898,0,6.5327631357039113
194,11,27824.671543366978,12.708849475930784,0,7.3453853429971652
195,8,25479.222258400605,9.7580447129206291,1,6.8575224562930632
196,15,42522.935799544452,14.594183404629284,1,6.0776691615327829
197,8,25281.873356657954,11.806914140537838,0,5.2259687509913446
198,8,28950.831556562076,14.812831823677152,0,9.2553139627347605
199,7,48138.97115557878,10.480714984616927,1,11.237764110403781
200,9,34327.661869942996,13.749337738829269,0,11.157306763816109
201,9,30036.934531359038,12.973137770573452,1,10.440607387250592
202,13,25492.87679852072,11.495985031822858,0,6.8498095885865355
203,8,40397.815682952561,15.571955467635904,1,6.6525830279081619
204,9,20284.270136816547,5.1421999755709997,1,7.9080848489293212
205,8,23352.404897788678,9.9442164159128161,0,8.7141607492702349
206,16,28385.86247321574,12.960916010202236,0,9.5667577230366803
207,16,33881.224590837701,8.8790483158864415,1,8.9301739693338185
208,8,14848.911823386446,14.188468079626244,0,5.6911956160802077
209,12,21046.901725467491,10.008697361224995,0,9.6130988314879691
210,9,59554.016733948731,12.284459570567543,1,12.069440682457014
211,5,35000.318605971683,10.550131174030298,0,5.4682380610891226
212,4,19112.752422145499,13.613458045101655,0,6.6090277929760948
213,11,21757.620034687508,10.810911185213778,1,5.5060662132164833
214,9,48039.843934740849,15.512198261444839,0,7.9154970630023662
215,8,31332.078492394478,9.7954560123818624,1,11.33051257340048
216,11,25499.982576741884,7.8391604825296346,1,8.6000003427390936
217,11,34513.38069483851,17.111829824290208,0,7.3918097305061377
218,8,25970.913827600947,10.238108652414446,0,10.859128389381441
219,9,29053.219361528587,11.403391180235971,0,8.7177972963526713
220,11,30192.708057329266,10.402083808396405,0,5.9746432227322384
221,10,20084.504052176369,11.666183423155243,0,8.8222720945702289
222,10,29838.492064129976,10.844032621815265,1,5.0886854115507676
223,13,26446.005266964825,15.262936360427846,0,8.8955390344376966
224,8,27136.885796001719,10.848252709580855,0,6.1173785220735866
225,9,25526.930272556881,9.1656600621711135,1,7.9595836134031162
226,9,12983.406127240005,7.0398587453611006,0,8.338014261294278
227,7,41935.664279110642,14.588875412461919,1,8.7358333686285636
228,17,27761.610524971682,18.423534575617477,0,9.9670680562525398
229,7,28692.586539722088,12.586764952730961,1,6.1749083284258388
230,12,29084.678435412705,12.735956767130023,1,9.5695699194300303
231,15,16986.549219150591,9.4105045288832834,1,5.4021290588340243
232,13,32050.019965639636,12.488784867864039,1,7.2355997462769652
233,9,48436.009293338888,14.469749682325329,1,9.451385411391918
234,10,30821.047421508771,14.743945508813923,0,10.018069230256849
235,15,22641.303526478525,12.821161614995827,0,9.4233613925248214
236,5,31602.145031885855,5.9268966287139637,1,7.9471367565656355
237,9,26044.856710799791,12.609033362491008,0,5.8926179062923438
238,10,19055.114678483391,10.645459363225266,0,5.7102307991193459
239,7,55689.096311111425,14.94492078608722,1,9.48880927975787
240,19,42191.597759615899,10.967362194790336,1,5.3370834313022879
241,8,30198.196402182592,14.789150781725281,1,6.8864700056602484
242,13,34059.932388604946,13.810907136344246,0,11.647375101671667
243,9,29228.243147734865,10.277349027382972,1,6.0873771925779838
244,9,29066.729966904655,8.2828982105078897,0,5.5292113170417334
245,10,25126.086902593663,12.801064269958133,1,5.6182974722813004
246,11,27196.164856283893,9.3825363358261331,1,7.8415278008041458
247,17,21157.482240930916,9.3720426178263647,0,5.5431124046779647
248,7,50964.080733652423,10.956620299656901,1,10.186422749499769
249,7,41780.141495897049,19.72059214178952,0,8.0108629734947208
250,10,19950.32446233476,6.0123825253181975,0,10.421723787710855
251,12,28176.36810674661,15.691585026238361,1,10.888063119664443
252,10,28725.963656970318,11.031207311439902,1,9.0892509754189295
253,12,33913.011841963009,11.61822658027981,0,9.4974259734381459
254,10,38195.896704050487,13.975190580995625,1,4.6904063771078697
255,17,35264.587994436974,14.09449030785078,1,8.4603982103857565
256,8,31220.911128607149,14.043125900329855,0,7.9098424072693838
257,10,19371.334152764826,2.2866461740294497,1,11.849669736722539
258,11,20859.855424928057,15.231030519510176,0,6.8095902745722725
259,5,30131.021354913122,14.189703690813634,0,11.608211736210045
260,9,30055.541362615586,12.137698111070449,1,8.7566997978404064
261,14,23066.836369467597,8.1244703781766852,1,8.2701200017546324
262,6,24111.657296431822,6.9228213189985794,1,7.2287755095774493
263,7,49848.92982052709,17.887224764414778,1,8.8464278852340037
264,13,40280.277741272548,7.2301544165928782,0,8.4789778708152124
265,6,86227.259152248662,19.263573536213876,1,10.351184258697931
266,6,26368.323488639631,11.627668963978056,0,6.6132214025130462
267,15,37434.492741957773,13.877530209486634,1,5.1999857360470507
268,9,37741.072654361764,18.808360144927644,0,9.3772223087454112
269,8,31311.644114860901,9.1210931413877621,1,10.372005725964765
270,7,22920.893759336428,9.7339246715287118,1,12.182661577628533
271,7,21093.2279248614,8.3248478777820178,0,9.4114665102228088
272,14,20314.153557976446,9.3909512801667869,0,5.0843128909308346
273,7,16485.451538880548,10.444354258740955,0,7.9867356991658243
274,5,21891.093645738765,9.5463463875302814,0,9.6671002554457885
275,8,36077.267957724624,9.0387779086758009,1,10.706445070896232
276,8,52204.728699529973,13.05186098545178,1,7.2813006590788705
277,10,28207.008242232601,7.4066717864983032,1,10.140976378710221
278,10,24489.025440460464,12.750158602619887,1,8.0733513443334299
279,7,17228.232300056694,4.8478648782395481,1,9.8323864479469734
280,12,45443.128913947163,15.335909401445928,1,9.104390756073327
281,10,32758.953262197068,13.267129771925873,0,7.1677546316770817
282,6,36239.849342952832,12.432960421219812,1,11.135790464007751
283,4,26089.518127877753,7.2966238516278992,1,12.093156041610818
284,12,18709.043097262933,14.399712925174459,1,10.202818434209593
285,13,38357.68983632006,13.269968077279799,1,6.4965762084006258
286,9,24556.342553719009,8.3241097163045215,1,7.7965326456221495
287,9,32073.506855223997,15.49876972668665,1,8.4443878024298762
288,7,31794.594115897013,15.220011850934599,0,6.3297524990664833
289,14,22506.481932318511,14.96429539829127,0,8.2015322286280448
290,10,17184.49140898362,8.5532051764397039,0,10.826432918618888
291,14,26685.658199549438,10.2651556428291,0,10.309656855171944
292,8,47313.377525141783,13.494101717979088,1,6.0720115589246575
293,14,24450.035832475507,14.965585201555848,1,6.9497942670351787
294,11,48430.01552152598,17.649055062444809,1,8.0825206108521659
295,8,24318.693456042289,10.553670087439546,0,7.182258939947757
296,8,22152.670783396599,12.944539531768443,0,7.6790499836931625
297,10,16856.519413500399,10.68671013324445,0,8.4164427517391118
298,4,17833.25436780322,11.147206624802472,1,8.5250699398468761
299,12,33091.249920836759,12.521605248374058,0,7.1021410513314063
300,20,25656.358787484707,14.32093116663507,1,4.6140523955170867
301,10,38137.500627311514,12.069518679739193,1,8.3833253012708226
302,6,21866.698924503871,8.947292003989805,0,7.6618133217731588
303,11,26906.233987334599,12.146268212858773,0,9.5654811161966222
304,15,47311.408116428363,15.522134048723778,1,10.676494480348165
305,7,44178.197973288588,12.235043937766335,1,9.3500595443061059
306,16,27783.158760280632,8.0958467712887447,0,10.72900516112869
307,6,18379.528015700907,13.279884322272594,0,7.3283188744436201
308,9,39302.688317872155,15.619432693360043,0,7.5289139883505705
309,11,32218.522142169604,9.0696691888557694,1,6.9797070236344405
310,11,29414.682559707497,12.969269118616642,0,8.7349167723505534
311,9,32906.814222906476,15.98260716411772,0,7.9969722230856277
312,10,17978.026630533026,10.581209982926774,1,9.2010060363478203
313,5,26492.319786526488,15.546425428102816,0,11.117315596213276
314,7,30274.869095400292,13.271455811942213,0,7.9254713382078954
315,7,41011.256271610881,14.547159790377439,0,6.241577134605607
316,10,21712.466224944852,15.197035681230226,0,8.8900116480740117
317,13,29859.763258978186,8.3679923712852382,0,11.086135151563589
318,6,20675.482780388047,6.6216856390744212,1,7.8887707629191635
319,10,25370.610600821063,12.294002137043737,1,8.2262732339089535
320,10,15419.727581929817,11.653178734661701,0,8.8762422502006828
321,7,27241.724820850795,7.6678820935367833,1,4.6327415777341248
322,6,53866.710653995207,16.462256286126014,0,9.2100301776158329
323,8,28143.858714450398,5.1738867639970518,0,11.163946683097322
324,17,48379.189170496917,17.018783718391468,1,7.2890928589414612
325,10,25282.203981220257,11.58764187128727,0,7.2575194868067596
326,14,20887.934123593226,8.7687901844530955,1,6.1132647292388889
327,7,30164.00146126781,15.262016097535039,1,5.4645107396967765
328,14,27502.418057014136,12.114993202419951,1,4.7419801333997844
329,12,22740.896544655228,12.51937008450161,1,8.4346499964550716
330,11,34669.941341229365,11.668675352836251,1,10.124107861904369
331,10,26493.877206050343,9.6032466544041242,0,9.2663284460884086
332,14,31564.251215222754,13.701037518857056,0,7.7603796574527966
333,16,17208.431934790016,7.6734359313656029,1,8.5031252394897852
334,13,55319.675788151806,18.034564565967955,1,9.1257272569926791
335,12,26317.619423911099,10.641917643071352,0,7.4278688571546727
336,10,50363.18583431984,15.63558065724099,0,8.9425629713133787
337,10,17096.155430588238,8.9283900017220521,0,7.6199229651942968
338,11,47655.539135225859,13.090028523751833,0,8.0629448984436074
339,10,38986.737650917254,12.761618051927691,1,10.763959827610407
340,7,22813.176090502871,12.117005645902022,1,6.1649055836665685
341,6,26429.044004647236,6.5848117937171251,1,9.4620790156364443
342,13,24417.391130629847,11.576654747123603,0,6.0466718043207832
343,9,31534.760567940699,6.2977039210912915,1,8.0855839504146463
344,6,46070.698738547377,12.130508589439209,1,8.9946010109116425
345,12,19410.538715913997,7.6488438553589519,0,2.4101376524158029
346,6,34438.41023440336,12.300382122074458,1,7.4363045521743389
347,10,30482.196162745749,12.918529282540053,0,9.1997407155111084
348,10,23655.815715958663,6.7424979008793011,1,7.1099555687686387
349,11,49623.639862625765,14.030742743416585,0,7.9913457474179639
350,8,27801.956818752886,15.229986713398926,1,7.747509220561879
351,14,23364.85466907041,10.516734258767464,1,8.3591049805182287
352,7,40581.519582814602,10.330350924629162,0,4.1119158936327
353,8,27511.340727133451,15.67279703802976,0,8.8602953862475538
354,5,31166.185080419811,7.9681219597242157,0,12.674239501380335
355,10,21967.110148738368,12.826250469769034,0,6.4161233914634161
356,12,23879.89153419064,11.112535706003627,1,3.2885941365174558
357,7,32632.752160705611,11.679137934659229,0,8.9652549487834552
358,6,15956.710934552899,12.050078658171131,0,6.5605434001493883
359,5,24239.913413562586,7.6993374560558818,0,10.456437755882636
360,7,28809.908113582231,8.8588393436012502,1,9.8046317170714499
361,9,41399.977079560151,12.360786929391898,1,9.9008526125818079
362,8,34945.394097997509,6.8156202034689857,1,12.009377171303189
363,9,51132.540012191013,13.321733079566069,1,10.764078751173841
364,12,26924.205705358305,12.736592991570149,1,6.6373811663117035
365,15,35209.521310591481,13.128480321328864,0,9.0872647693460333
366,8,27175.542626095881,8.7661258983792436,1,7.8702163787342565
367,14,44527.522317761417,16.495996464701957,0,9.4702106027420925
368,16,24448.265398150208,17.215753263551434,0,8.3674985891216593
369,12,38801.310260584709,14.378945707990985,1,11.157615583286818
370,8,18955.162800672075,4.1731623740143249,1,9.2201449617544
371,10,26733.818864787128,12.738560631705925,1,14.347134654034237
372,15,28554.161376684191,7.1845071505027658,0,7.0105836213884762
373,11,17413.508135655371,9.6942566884985553,1,8.2626789029027154
374,13,25400.569338495647,9.3570157316838412,0,9.0480111026131933
375,10,33045.165731509165,11.577200827027077,1,9.3253772935638821
376,8,17304.494588746806,8.6317534769264235,0,6.4963499326206735
377,11,31577.275953276017,8.7506784217669527,0,7.1444545409611866
378,8,45754.140327615198,11.28783584165306,0,6.3975639582134862
379,7,30899.874015740912,9.2671645073825921,0,8.8180943175813624
380,10,37066.047837112281,14.509009203482236,0,9.4800788452769584
381,8,29428.335401436423,9.2095021463351507,0,9.1629604220081173
382,10,33829.369227399235,13.705138523065397,0,13.548830017916313
383,13,28100.382853079813,9.2973581770337965,0,9.5212374079558941
384,8,24337.841147660685,11.76242438643809,0,4.7455059726204016
385,11,25985.101906058182,14.063057702444709,1,8.8155732136840914
386,13,26995.325159322208,10.448304478717777,0,9.4973102324394123
387,4,22865.320044542517,13.982561284958972,0,7.9272190337164696
388,11,27945.587004146138,12.383175713075632,0,7.3900192489485281
389,16,47178.983793503532,16.971309991017566,1,9.9877292413404994
390,10,25804.811914859674,15.621709939376942,0,6.722662569268703
391,7,26299.342472100372,14.285423716425028,1,6.5297571664175429
392,12,21084.63493754945,12.19343402768026,1,9.5216763106590534
393,7,27180.82834778347,8.6865630693480398,0,9.0108418763539682
394,5,26963.199369641294,13.37432141670266,1,7.8495281022278904
395,15,29303.039942609328,8.918910389405994,1,9.600927697835715
396,11,26671.530490582587,16.167548497754048,0,3.1870481032800431
397,11,31645.08242995547,15.530544467614211,1,8.2653040756299685
398,16,43861.571699451873,13.366763730454956,1,7.2438867338044286
399,8,22224.68924086872,9.448294395134841,0,8.8066880190402053
400,14,24414.492083637451,11.984486403641238,0,7.3642618830658035
401,12,26664.406196719443,10.870349637113216,0,9.219069442666731
402,12,30829.783507706132,12.912795474605533,1,6.6266921512664361
403,6,40728.718153847847,14.358749522851578,0,11.835706811709274
404,9,48615.922091964974,17.041562255999274,0,9.6533294802136318
405,6,40831.499545856626,10.835677691584589,1,7.5244118364713
406,14,22823.958090978573,11.189964332041676,0,6.566639542489292
407,8,25115.348940772543,9.3413284424235439,1,8.1851640420293528
408,12,40728.272805588465,10.450045168480059,1,10.415592229300735
409,6,45005.640258492713,15.332839897296209,1,8.3487917755887189
410,14,21357.215328768838,9.6744217984502097,1,9.8083171529361408
411,15,30946.595059944277,13.762792987552459,0,8.1829823997723814
412,9,25607.311106484358,11.451120456687111,1,8.433828885264008
413,5,37931.016887330348,13.123036347800667,0,8.2116344166285238
414,9,18621.277170429203,8.0670676481332961,0,6.9265478558044569
415,13,28264.01859414285,10.205253532810286,1,10.526110950821629
416,8,26368.289282980139,14.047497751717485,0,6.4968219868889232
417,9,28074.654191955171,9.3318605033386781,1,6.1393109225609948
418,8,26389.566902770919,9.8579139409915193,0,5.6036885456661691
419,13,39909.511311970171,14.444936941542155,0,7.1882853031440588
420,5,23654.723302388076,6.0229842266127251,0,8.3508723616032032
421,15,22432.840402125981,8.6611406595209708,0,5.56063587710055
422,7,33215.478312895801,16.779517919714628,0,9.3370447100208906
423,8,23991.878651586594,8.81973837906855,1,11.880059280359317
424,12,43924.05300423094,15.775746458646458,1,9.4151553103878669
425,7,57326.007705386575,15.294700530207505,1,8.7126600218247621
426,13,22747.418127595778,11.753710296503231,0,8.8818964636473527
427,5,31135.029075551469,11.335891463916974,0,7.9985219565479824
428,9,30963.186837170768,15.653142364554903,0,7.702043078368634
429,9,34109.950981887632,12.589596169104022,0,7.9689065681189417
430,12,18620.166889430755,7.6731016865435127,1,6.4961267015425914
431,14,17278.534498391524,10.944396330728543,1,7.4861920051427733
432,10,27503.520019948082,11.931140150068121,1,4.4749885757898671
433,6,35499.437698331443,15.268586658093421,1,8.6886496791308065
434,3,19956.70513761952,7.4921839524835736,1,8.7837550492108658
435,11,18723.670245190111,13.152319061136049,0,6.830604757874454
436,4,21822.956556821184,11.441885627412058,1,8.2179232895924201
437,12,43751.594389431433,12.555776144694052,1,6.1493319914745328
438,13,22498.066323347452,10.325480820179976,1,7.8900924192158541
439,19,29144.615393168617,9.8617186900173568,1,9.1782124973231998
440,9,17246.846413920302,9.250026098565364,0,6.8542801698082743
441,9,32339.974961353069,7.2057631375274447,0,8.3858827022296243
442,16,31880.753019068787,10.470244751047749,0,9.2275580796171148
443,12,33855.109675184933,13.454763217231758,1,9.1805069213687105
444,7,27821.656471181504,7.8105473773797067,0,11.384762113493355
445,11,28161.323421557372,11.907148461055085,1,4.639903268840369
446,5,15334.764718853938,6.8991827502642353,0,8.7521289681372689
447,17,36169.468989146379,14.493480095025875,1,6.6962895535602946
448,4,28117.238100537368,13.104982440032764,1,9.0804269627665057
449,11,35692.564648674728,13.580504663621797,1,7.5734859037710685
450,7,26087.082296368237,9.4433204682030212,0,6.7174126456870047
451,16,32551.047135028221,14.306929574576426,0,9.483005979271077
452,11,20810.183167761745,10.5867244397202,1,5.4932714573424324
453,13,31116.810387351474,10.999704565023123,1,8.6047957998424298
454,11,32193.425781393489,14.429408263447446,0,9.8654734421685077
455,8,36948.177727085058,15.032552416858499,0,8.4019611884482952
456,10,25280.523804989742,12.422943422399413,0,7.0964339062768804
457,19,28755.962620059025,9.6993817956641912,0,8.611041188762055
458,9,29830.512961195094,14.564772874617283,0,3.8612886204669525
459,12,29171.843226031302,8.0392561450359779,1,8.9752679318081761
460,10,23689.411630736882,15.004954141038542,1,7.4773372848977191
461,8,22974.732677863456,10.876203631820617,0,4.0229069332902814
462,13,28444.756186035993,13.381092220924778,1,7.40909368660156
463,9,53706.028028647634,12.658108329581166,1,6.8860503186793878
464,7,36271.749806258085,14.648992768828826,0,7.0832264167534884
465,9,31084.858277779018,15.6085032511379,0,3.796125591394591
466,4,18718.93469453981,8.1368921477711496,1,8.6606807569486133
467,11,21370.584445948676,7.7922686397346084,0,8.756147221282669
468,7,32306.043472131518,11.518812053923801,0,6.6350130792525643
469,11,24588.12935601209,9.7649289888988839,1,8.0609050609491977
470,11,31900.438899733661,11.301704123445418,1,7.9132885605961434
471,12,30017.682413878374,15.64520038782573,0,4.2942741093150785
472,9,25079.489857997647,10.396827892828373,0,9.6759268161227894
473,7,21573.011318400771,7.0424664436379629,0,11.488145829335412
474,10,33450.276268314694,9.0692343468112497,1,5.0644826865577599
475,9,21572.298733580377,14.244606097561952,0,6.7365797901629172
476,12,36192.68728193565,10.154455803952484,1,6.0691397340371429
477,6,30874.060625096958,10.831325389653195,1,6.3713702885446954
478,8,37112.277072400415,11.427874978854256,0,11.828919286622956
479,9,33753.836261855016,9.4076760296928281,1,8.0098385871602247
480,9,36914.376712491226,18.596439343358735,1,8.3501797991219764
481,8,37447.98899004751,16.864557439959178,1,10.331495117592212
482,17,35425.061385708847,11.329934025434024,1,8.7344910516169758
483,10,25935.206955788533,12.688535977383518,0,10.153988074569757
484,11,23091.442760357488,10.339125020761092,1,7.40645763052677
485,9,23133.503913383636,11.228309176279907,0,5.2557502315129936
486,13,28599.456449702178,14.822817994708442,1,6.1859729096892959
487,9,18060.98934084643,6.8707826544964057,0,5.5728437798091663
488,14,36399.826099904531,16.39508465841832,0,7.7143356672264067
489,12,29740.611522885876,13.137582012877683,0,6.6028727984455386
490,9,19691.363597917614,12.170965139040611,0,11.642932765098724
491,7,55382.875458982555,11.971877586331949,1,9.1739856339406103
492,6,31510.284318696984,12.127225870213133,1,2.3229821774349801
493,5,27783.037235809497,13.077226853486208,0,7.8321909942439385
494,11,40768.594298802636,12.34250537089123,1,8.0504049627734577
495,14,36148.260527589839,15.262025917574675,1,7.1243058678062292
496,5,19741.26501549095,10.633408524316662,0,4.8188069838652678
497,12,28301.394643194897,10.213373858833741,0,9.7354157637544834
498,5,26138.540189534448,8.9319031485491163,1,11.000238451186906
499,8,34464.434105115201,12.652265493279497,1,8.6380136720039289
